time,asset,PriceUSD
2020-01-01 00:00:00+00:00,usdt,0.996259696727989
2020-01-02 00:00:00+00:00,usdt,0.997102427485304
2020-01-03 00:00:00+00:00,usdt,0.9984743893851804
2020-01-04 00:00:00+00:00,usdt,0.9987183423069544
2020-01-05 00:00:00+00:00,usdt,0.9989031241032352
2020-01-06 00:00:00+00:00,usdt,1.000652840095971
2020-01-07 00:00:00+00:00,usdt,1.0005538673916405
2020-01-08 00:00:00+00:00,usdt,0.9994263643594219
2020-01-09 00:00:00+00:00,usdt,0.9994838708620596
2020-01-10 00:00:00+00:00,usdt,0.9995910920130857
2020-01-11 00:00:00+00:00,usdt,0.9999316546996388
2020-01-12 00:00:00+00:00,usdt,0.9997510956697887
2020-01-13 00:00:00+00:00,usdt,0.9998476020223114
2020-01-14 00:00:00+00:00,usdt,1.0000409020624115
2020-01-15 00:00:00+00:00,usdt,0.9991763048729826
2020-01-16 00:00:00+00:00,usdt,0.9987817684873017
2020-01-17 00:00:00+00:00,usdt,0.9977789587220188
2020-01-18 00:00:00+00:00,usdt,0.9998597136602712
2020-01-19 00:00:00+00:00,usdt,0.9987497832500791
2020-01-20 00:00:00+00:00,usdt,0.9981798821730415
2020-01-21 00:00:00+00:00,usdt,0.9984596027543461
2020-01-22 00:00:00+00:00,usdt,0.9976101329986059
2020-01-23 00:00:00+00:00,usdt,0.9976840398980505
2020-01-24 00:00:00+00:00,usdt,0.9983105754585294
2020-01-25 00:00:00+00:00,usdt,0.9981715954201458
2020-01-26 00:00:00+00:00,usdt,0.9976792882188507
2020-01-27 00:00:00+00:00,usdt,0.9979969538568131
2020-01-28 00:00:00+00:00,usdt,1.001200567114145
2020-01-29 00:00:00+00:00,usdt,0.9989035268229489
2020-01-30 00:00:00+00:00,usdt,0.9984749054064104
2020-01-31 00:00:00+00:00,usdt,0.9985173764818788
2020-02-01 00:00:00+00:00,usdt,0.9993289892608721
2020-02-02 00:00:00+00:00,usdt,0.9985926407310631
2020-02-03 00:00:00+00:00,usdt,0.99868117348178
2020-02-04 00:00:00+00:00,usdt,0.9965040479037686
2020-02-05 00:00:00+00:00,usdt,0.9997739957917905
2020-02-06 00:00:00+00:00,usdt,0.9980306336496458
2020-02-07 00:00:00+00:00,usdt,0.998348939780356
2020-02-08 00:00:00+00:00,usdt,1.0001884322103598
2020-02-09 00:00:00+00:00,usdt,1.0006180858469784
2020-02-10 00:00:00+00:00,usdt,0.9994123244219137
2020-02-11 00:00:00+00:00,usdt,1.0041180319759466
2020-02-12 00:00:00+00:00,usdt,1.0016416191468118
2020-02-13 00:00:00+00:00,usdt,0.9992828922651826
2020-02-14 00:00:00+00:00,usdt,1.00167139802782
2020-02-15 00:00:00+00:00,usdt,0.9996815484964284
2020-02-16 00:00:00+00:00,usdt,1.0003989389901282
2020-02-17 00:00:00+00:00,usdt,1.0006172116368042
2020-02-18 00:00:00+00:00,usdt,1.0019848957167337
2020-02-19 00:00:00+00:00,usdt,1.000108773115283
2020-02-20 00:00:00+00:00,usdt,1.00157371706982
2020-02-21 00:00:00+00:00,usdt,1.0012849483132866
2020-02-22 00:00:00+00:00,usdt,1.0017480671574903
2020-02-23 00:00:00+00:00,usdt,1.002889965182191
2020-02-24 00:00:00+00:00,usdt,1.0001688092949874
2020-02-25 00:00:00+00:00,usdt,0.9989245504131045
2020-02-26 00:00:00+00:00,usdt,0.998679969115411
2020-02-27 00:00:00+00:00,usdt,0.9992855068170723
2020-02-28 00:00:00+00:00,usdt,1.0009799073303196
2020-02-29 00:00:00+00:00,usdt,1.0002185260025152
2020-03-01 00:00:00+00:00,usdt,0.9983781779466713
2020-03-02 00:00:00+00:00,usdt,1.0007447652680073
2020-03-03 00:00:00+00:00,usdt,1.0002475032246008
2020-03-04 00:00:00+00:00,usdt,1.0006704514621334
2020-03-05 00:00:00+00:00,usdt,1.0012958910408842
2020-03-06 00:00:00+00:00,usdt,1.0027248933943524
2020-03-07 00:00:00+00:00,usdt,1.0008495778725675
2020-03-08 00:00:00+00:00,usdt,1.0000957312021876
2020-03-09 00:00:00+00:00,usdt,0.9991741159464075
2020-03-10 00:00:00+00:00,usdt,1.0002083436560862
2020-03-11 00:00:00+00:00,usdt,1.000188193342886
2020-03-12 00:00:00+00:00,usdt,0.9949695480519187
2020-03-13 00:00:00+00:00,usdt,1.0102045964726822
2020-03-14 00:00:00+00:00,usdt,1.0020570785124225
2020-03-15 00:00:00+00:00,usdt,0.997192710587848
2020-03-16 00:00:00+00:00,usdt,1.004892570075931
2020-03-17 00:00:00+00:00,usdt,1.0034421926350445
2020-03-18 00:00:00+00:00,usdt,1.0031835508053106
2020-03-19 00:00:00+00:00,usdt,1.0033243504713654
2020-03-20 00:00:00+00:00,usdt,0.9996970592940568
2020-03-21 00:00:00+00:00,usdt,1.000915983326285
2020-03-22 00:00:00+00:00,usdt,1.0000675706796278
2020-03-23 00:00:00+00:00,usdt,1.0038847583657247
2020-03-24 00:00:00+00:00,usdt,1.0034791133349241
2020-03-25 00:00:00+00:00,usdt,1.0017355945393893
2020-03-26 00:00:00+00:00,usdt,1.0036767676100602
2020-03-27 00:00:00+00:00,usdt,0.9999483540507614
2020-03-28 00:00:00+00:00,usdt,1.0027894157283226
2020-03-29 00:00:00+00:00,usdt,1.0000454500319016
2020-03-30 00:00:00+00:00,usdt,1.0018488622413066
2020-03-31 00:00:00+00:00,usdt,1.002074132890104
2020-04-01 00:00:00+00:00,usdt,1.0032116352727287
2020-04-02 00:00:00+00:00,usdt,1.000211012228303
2020-04-03 00:00:00+00:00,usdt,1.0011006400753268
2020-04-04 00:00:00+00:00,usdt,1.002236153969307
2020-04-05 00:00:00+00:00,usdt,1.0014900498215313
2020-04-06 00:00:00+00:00,usdt,1.0010996353299626
2020-04-07 00:00:00+00:00,usdt,0.9993514263007831
2020-04-08 00:00:00+00:00,usdt,1.0014368071233315
2020-04-09 00:00:00+00:00,usdt,1.0013055738212042
2020-04-10 00:00:00+00:00,usdt,1.0015516304966594
2020-04-11 00:00:00+00:00,usdt,1.0016133186119074
2020-04-12 00:00:00+00:00,usdt,1.0004990425643876
2020-04-13 00:00:00+00:00,usdt,1.002642224009263
2020-04-14 00:00:00+00:00,usdt,1.0017970266831129
2020-04-15 00:00:00+00:00,usdt,1.0003644583022626
2020-04-16 00:00:00+00:00,usdt,1.0017100330881605
2020-04-17 00:00:00+00:00,usdt,1.0016835081374342
2020-04-18 00:00:00+00:00,usdt,1.002088298821544
2020-04-19 00:00:00+00:00,usdt,1.0009107522666945
2020-04-20 00:00:00+00:00,usdt,1.0013383489232548
2020-04-21 00:00:00+00:00,usdt,1.0012986093272334
2020-04-22 00:00:00+00:00,usdt,1.001271156524666
2020-04-23 00:00:00+00:00,usdt,1.000388674279388
2020-04-24 00:00:00+00:00,usdt,1.0010037282126363
2020-04-25 00:00:00+00:00,usdt,1.0010018127578173
2020-04-26 00:00:00+00:00,usdt,1.0017930809621167
2020-04-27 00:00:00+00:00,usdt,1.0017769643537269
2020-04-28 00:00:00+00:00,usdt,1.0016836636108186
2020-04-29 00:00:00+00:00,usdt,1.001060326998903
2020-04-30 00:00:00+00:00,usdt,1.0004491429455702
2020-05-01 00:00:00+00:00,usdt,1.0006266358471099
2020-05-02 00:00:00+00:00,usdt,1.0010980668481326
2020-05-03 00:00:00+00:00,usdt,1.0010144319503373
2020-05-04 00:00:00+00:00,usdt,1.0013779315687295
2020-05-05 00:00:00+00:00,usdt,1.0013669341399465
2020-05-06 00:00:00+00:00,usdt,1.0013749502155453
2020-05-07 00:00:00+00:00,usdt,1.001742180303635
2020-05-08 00:00:00+00:00,usdt,1.001244289880247
2020-05-09 00:00:00+00:00,usdt,0.9996159366777408
2020-05-10 00:00:00+00:00,usdt,1.0004683438859168
2020-05-11 00:00:00+00:00,usdt,1.0009089586973445
2020-05-12 00:00:00+00:00,usdt,1.0008917494691922
2020-05-13 00:00:00+00:00,usdt,1.0014609250727287
2020-05-14 00:00:00+00:00,usdt,1.000566187314345
2020-05-15 00:00:00+00:00,usdt,0.9985769610243013
2020-05-16 00:00:00+00:00,usdt,1.000034358199689
2020-05-17 00:00:00+00:00,usdt,0.9997733599025426
2020-05-18 00:00:00+00:00,usdt,0.9997109293775164
2020-05-19 00:00:00+00:00,usdt,1.0006921351849174
2020-05-20 00:00:00+00:00,usdt,0.999591067976372
2020-05-21 00:00:00+00:00,usdt,0.999260662429943
2020-05-22 00:00:00+00:00,usdt,1.0001483538395708
2020-05-23 00:00:00+00:00,usdt,1.0002625377269425
2020-05-24 00:00:00+00:00,usdt,0.999092293303619
2020-05-25 00:00:00+00:00,usdt,0.9998955362039428
2020-05-26 00:00:00+00:00,usdt,0.9999214416052422
2020-05-27 00:00:00+00:00,usdt,1.0002561123056746
2020-05-28 00:00:00+00:00,usdt,1.0003248118958397
2020-05-29 00:00:00+00:00,usdt,0.9999810023144658
2020-05-30 00:00:00+00:00,usdt,1.000103956968746
2020-05-31 00:00:00+00:00,usdt,0.999251670109904
2020-06-01 00:00:00+00:00,usdt,1.0017566747916888
2020-06-02 00:00:00+00:00,usdt,1.000352685234327
2020-06-03 00:00:00+00:00,usdt,1.0000956274400348
2020-06-04 00:00:00+00:00,usdt,1.0002008003540224
2020-06-05 00:00:00+00:00,usdt,0.9995448748881757
2020-06-06 00:00:00+00:00,usdt,1.0003402353598303
2020-06-07 00:00:00+00:00,usdt,1.0009559871128084
2020-06-08 00:00:00+00:00,usdt,1.0006789880634337
2020-06-09 00:00:00+00:00,usdt,1.000888684453119
2020-06-10 00:00:00+00:00,usdt,1.0004915858140178
2020-06-11 00:00:00+00:00,usdt,0.9986325648535831
2020-06-12 00:00:00+00:00,usdt,0.9997577835902901
2020-06-13 00:00:00+00:00,usdt,0.999898029841181
2020-06-14 00:00:00+00:00,usdt,0.9994274181396825
2020-06-15 00:00:00+00:00,usdt,1.0004599467873474
2020-06-16 00:00:00+00:00,usdt,1.000118918525769
2020-06-17 00:00:00+00:00,usdt,0.9994689766123989
2020-06-18 00:00:00+00:00,usdt,0.9988870104858143
2020-06-19 00:00:00+00:00,usdt,0.9988381601339494
2020-06-20 00:00:00+00:00,usdt,0.9996435846990045
2020-06-21 00:00:00+00:00,usdt,0.9988925802908684
2020-06-22 00:00:00+00:00,usdt,1.0005538732659682
2020-06-23 00:00:00+00:00,usdt,0.999842569124237
2020-06-24 00:00:00+00:00,usdt,0.9985893225659035
2020-06-25 00:00:00+00:00,usdt,0.9988815911570801
2020-06-26 00:00:00+00:00,usdt,0.9992171968230535
2020-06-27 00:00:00+00:00,usdt,0.9994192665158745
2020-06-28 00:00:00+00:00,usdt,0.9994831613750245
2020-06-29 00:00:00+00:00,usdt,0.999528327388083
2020-06-30 00:00:00+00:00,usdt,0.9998562989777402
2020-07-01 00:00:00+00:00,usdt,1.0006802227735712
2020-07-02 00:00:00+00:00,usdt,1.0000527423138146
2020-07-03 00:00:00+00:00,usdt,1.0002197539058013
2020-07-04 00:00:00+00:00,usdt,1.0001032122352302
2020-07-05 00:00:00+00:00,usdt,1.0006235274634578
2020-07-06 00:00:00+00:00,usdt,1.0001331444344483
2020-07-07 00:00:00+00:00,usdt,1.0001477736831712
2020-07-08 00:00:00+00:00,usdt,1.0005117829713357
2020-07-09 00:00:00+00:00,usdt,0.9999546153917589
2020-07-10 00:00:00+00:00,usdt,1.000059040985098
2020-07-11 00:00:00+00:00,usdt,1.0001080402711473
2020-07-12 00:00:00+00:00,usdt,1.0002056235450922
2020-07-13 00:00:00+00:00,usdt,0.9994151983692167
2020-07-14 00:00:00+00:00,usdt,0.9999552732743542
2020-07-15 00:00:00+00:00,usdt,0.9989988547417628
2020-07-16 00:00:00+00:00,usdt,0.9995167074890092
2020-07-17 00:00:00+00:00,usdt,0.9998971903473273
2020-07-18 00:00:00+00:00,usdt,1.0003835312553746
2020-07-19 00:00:00+00:00,usdt,1.0004642675808704
2020-07-20 00:00:00+00:00,usdt,1.0003224459758846
2020-07-21 00:00:00+00:00,usdt,1.0005443063226251
2020-07-22 00:00:00+00:00,usdt,1.00157405279629
2020-07-23 00:00:00+00:00,usdt,1.0009823725894762
2020-07-24 00:00:00+00:00,usdt,1.00107850218897
2020-07-25 00:00:00+00:00,usdt,1.0011835269454132
2020-07-26 00:00:00+00:00,usdt,1.0009048825673292
2020-07-27 00:00:00+00:00,usdt,1.001768596065853
2020-07-28 00:00:00+00:00,usdt,1.0018134375563073
2020-07-29 00:00:00+00:00,usdt,1.0007217232491898
2020-07-30 00:00:00+00:00,usdt,1.001108796690614
2020-07-31 00:00:00+00:00,usdt,1.001462392053885
2020-08-01 00:00:00+00:00,usdt,1.0011473253559309
2020-08-02 00:00:00+00:00,usdt,1.0002905745555317
2020-08-03 00:00:00+00:00,usdt,1.000854098397857
2020-08-04 00:00:00+00:00,usdt,1.0002854024368848
2020-08-05 00:00:00+00:00,usdt,1.0010014776426177
2020-08-06 00:00:00+00:00,usdt,1.000850422700612
2020-08-07 00:00:00+00:00,usdt,1.001030063538699
2020-08-08 00:00:00+00:00,usdt,1.0007868058794263
2020-08-09 00:00:00+00:00,usdt,1.0005637180863896
2020-08-10 00:00:00+00:00,usdt,1.0009152393306
2020-08-11 00:00:00+00:00,usdt,1.0000364835668714
2020-08-12 00:00:00+00:00,usdt,1.0001384092793266
2020-08-13 00:00:00+00:00,usdt,1.001201150333285
2020-08-14 00:00:00+00:00,usdt,1.0013109677872822
2020-08-15 00:00:00+00:00,usdt,1.000452876268733
2020-08-16 00:00:00+00:00,usdt,1.0004339264664512
2020-08-17 00:00:00+00:00,usdt,1.001191704512931
2020-08-18 00:00:00+00:00,usdt,1.0007722288432364
2020-08-19 00:00:00+00:00,usdt,1.00016410552838
2020-08-20 00:00:00+00:00,usdt,1.000895431326709
2020-08-21 00:00:00+00:00,usdt,1.0000991462940367
2020-08-22 00:00:00+00:00,usdt,1.000397657880203
2020-08-23 00:00:00+00:00,usdt,1.0004162194356276
2020-08-24 00:00:00+00:00,usdt,1.0002239089168057
2020-08-25 00:00:00+00:00,usdt,1.0004564191308756
2020-08-26 00:00:00+00:00,usdt,1.0003098068793381
2020-08-27 00:00:00+00:00,usdt,1.0002580654351918
2020-08-28 00:00:00+00:00,usdt,1.0004436207893477
2020-08-29 00:00:00+00:00,usdt,0.9998120299016323
2020-08-30 00:00:00+00:00,usdt,1.0001106966739146
2020-08-31 00:00:00+00:00,usdt,1.0000906913149405
2020-09-01 00:00:00+00:00,usdt,1.0003958941310143
2020-09-02 00:00:00+00:00,usdt,1.0009687482759084
2020-09-03 00:00:00+00:00,usdt,1.0013123289789383
2020-09-04 00:00:00+00:00,usdt,1.000923487288935
2020-09-05 00:00:00+00:00,usdt,1.0002364342271413
2020-09-06 00:00:00+00:00,usdt,0.9998265242264343
2020-09-07 00:00:00+00:00,usdt,1.000526263537423
2020-09-08 00:00:00+00:00,usdt,1.000095037038858
2020-09-09 00:00:00+00:00,usdt,1.0000784566612884
2020-09-10 00:00:00+00:00,usdt,1.0003550082107235
2020-09-11 00:00:00+00:00,usdt,1.0007440495342599
2020-09-12 00:00:00+00:00,usdt,1.0001709125512315
2020-09-13 00:00:00+00:00,usdt,1.0001675700370873
2020-09-14 00:00:00+00:00,usdt,0.999851210029113
2020-09-15 00:00:00+00:00,usdt,1.0001340053453018
2020-09-16 00:00:00+00:00,usdt,1.0003780551897836
2020-09-17 00:00:00+00:00,usdt,1.0002163437486722
2020-09-18 00:00:00+00:00,usdt,1.0002043600233783
2020-09-19 00:00:00+00:00,usdt,1.0000812567799655
2020-09-20 00:00:00+00:00,usdt,1.0000335937216374
2020-09-21 00:00:00+00:00,usdt,0.9996281255286813
2020-09-22 00:00:00+00:00,usdt,1.0001725228375915
2020-09-23 00:00:00+00:00,usdt,0.9997835131179017
2020-09-24 00:00:00+00:00,usdt,1.0002604978853866
2020-09-25 00:00:00+00:00,usdt,1.0005496463285597
2020-09-26 00:00:00+00:00,usdt,1.0004093274977062
2020-09-27 00:00:00+00:00,usdt,1.0002573530099266
2020-09-28 00:00:00+00:00,usdt,0.9996760985756674
2020-09-29 00:00:00+00:00,usdt,0.9999445501821793
2020-09-30 00:00:00+00:00,usdt,1.0003533467000894
2020-10-01 00:00:00+00:00,usdt,0.9999779481542437
2020-10-02 00:00:00+00:00,usdt,1.0003285663305648
2020-10-03 00:00:00+00:00,usdt,1.0002892631113824
2020-10-04 00:00:00+00:00,usdt,1.0003500761294013
2020-10-05 00:00:00+00:00,usdt,1.0004125632869638
2020-10-06 00:00:00+00:00,usdt,0.9999958375381948
2020-10-07 00:00:00+00:00,usdt,0.9999973930706582
2020-10-08 00:00:00+00:00,usdt,1.0009433921404223
2020-10-09 00:00:00+00:00,usdt,1.0010604342750096
2020-10-10 00:00:00+00:00,usdt,1.000742576618495
2020-10-11 00:00:00+00:00,usdt,1.0002860683193218
2020-10-12 00:00:00+00:00,usdt,1.0006294937906584
2020-10-13 00:00:00+00:00,usdt,1.0008569438912107
2020-10-14 00:00:00+00:00,usdt,1.000770454932055
2020-10-15 00:00:00+00:00,usdt,1.0006845211826987
2020-10-16 00:00:00+00:00,usdt,1.00080165941096
2020-10-17 00:00:00+00:00,usdt,1.0002874596826148
2020-10-18 00:00:00+00:00,usdt,1.0006467962534213
2020-10-19 00:00:00+00:00,usdt,1.0004745596516957
2020-10-20 00:00:00+00:00,usdt,1.000965201401841
2020-10-21 00:00:00+00:00,usdt,1.0022234665743661
2020-10-22 00:00:00+00:00,usdt,1.0011395759815696
2020-10-23 00:00:00+00:00,usdt,1.0007183490097806
2020-10-24 00:00:00+00:00,usdt,1.0009763816001667
2020-10-25 00:00:00+00:00,usdt,1.000889413869604
2020-10-26 00:00:00+00:00,usdt,1.001122487092355
2020-10-27 00:00:00+00:00,usdt,1.0005110223903364
2020-10-28 00:00:00+00:00,usdt,1.0007904202789735
2020-10-29 00:00:00+00:00,usdt,1.0007276816719464
2020-10-30 00:00:00+00:00,usdt,1.0007761061897111
2020-10-31 00:00:00+00:00,usdt,1.0009293731126085
2020-11-01 00:00:00+00:00,usdt,1.000980124760658
2020-11-02 00:00:00+00:00,usdt,1.0007194840986655
2020-11-03 00:00:00+00:00,usdt,1.0008450522341352
2020-11-04 00:00:00+00:00,usdt,1.0015339769119531
2020-11-05 00:00:00+00:00,usdt,1.0013461236638581
2020-11-06 00:00:00+00:00,usdt,1.0012936514319468
2020-11-07 00:00:00+00:00,usdt,1.0014648584837178
2020-11-08 00:00:00+00:00,usdt,1.000562282091509
2020-11-09 00:00:00+00:00,usdt,1.0006812619848238
2020-11-10 00:00:00+00:00,usdt,1.0013861069182828
2020-11-11 00:00:00+00:00,usdt,1.0010977917752384
2020-11-12 00:00:00+00:00,usdt,1.000862752997055
2020-11-13 00:00:00+00:00,usdt,1.00126986964291
2020-11-14 00:00:00+00:00,usdt,1.0010137930952046
2020-11-15 00:00:00+00:00,usdt,1.0009227376256757
2020-11-16 00:00:00+00:00,usdt,1.0007114564233286
2020-11-17 00:00:00+00:00,usdt,1.0011207732849654
2020-11-18 00:00:00+00:00,usdt,1.0010952139810858
2020-11-19 00:00:00+00:00,usdt,1.0012160834823522
2020-11-20 00:00:00+00:00,usdt,1.000936064779184
2020-11-21 00:00:00+00:00,usdt,1.0006253535943892
2020-11-22 00:00:00+00:00,usdt,1.0010528472498879
2020-11-23 00:00:00+00:00,usdt,1.0008621607019434
2020-11-24 00:00:00+00:00,usdt,1.0007662244301578
2020-11-25 00:00:00+00:00,usdt,1.0000613802900717
2020-11-26 00:00:00+00:00,usdt,1.0010742357691695
2020-11-27 00:00:00+00:00,usdt,1.0005270732741625
2020-11-28 00:00:00+00:00,usdt,1.000839785132866
2020-11-29 00:00:00+00:00,usdt,1.0008905220405073
2020-11-30 00:00:00+00:00,usdt,1.0003872315109954
2020-12-01 00:00:00+00:00,usdt,1.000644257587571
2020-12-02 00:00:00+00:00,usdt,1.0006221876095849
2020-12-03 00:00:00+00:00,usdt,1.0008296884273884
2020-12-04 00:00:00+00:00,usdt,1.0003078112215082
2020-12-05 00:00:00+00:00,usdt,1.0001144550993324
2020-12-06 00:00:00+00:00,usdt,1.0005093150031843
2020-12-07 00:00:00+00:00,usdt,1.000298411795793
2020-12-08 00:00:00+00:00,usdt,0.9993325540619519
2020-12-09 00:00:00+00:00,usdt,1.0002742039742842
2020-12-10 00:00:00+00:00,usdt,1.000013556945991
2020-12-11 00:00:00+00:00,usdt,1.00001746931619
2020-12-12 00:00:00+00:00,usdt,1.00051616902899
2020-12-13 00:00:00+00:00,usdt,0.999410360441122
2020-12-14 00:00:00+00:00,usdt,0.999874322033898
2020-12-15 00:00:00+00:00,usdt,1.00028592278127
2020-12-16 00:00:00+00:00,usdt,1.00099731735827
2020-12-17 00:00:00+00:00,usdt,1.00021416432899
2020-12-18 00:00:00+00:00,usdt,1.0011420858725
2020-12-19 00:00:00+00:00,usdt,1.00111520418525
2020-12-20 00:00:00+00:00,usdt,1.00058032729398
2020-12-21 00:00:00+00:00,usdt,1.00012260315605
2020-12-22 00:00:00+00:00,usdt,1.00001761075395
2020-12-23 00:00:00+00:00,usdt,0.99997585622443
2020-12-24 00:00:00+00:00,usdt,0.999732197545295
2020-12-25 00:00:00+00:00,usdt,0.999572641145529
2020-12-26 00:00:00+00:00,usdt,0.999242875508393
2020-12-27 00:00:00+00:00,usdt,0.998747929865576
2020-12-28 00:00:00+00:00,usdt,0.998351549386324
2020-12-29 00:00:00+00:00,usdt,0.999086760958504
2020-12-30 00:00:00+00:00,usdt,1.00045484307442
2020-12-31 00:00:00+00:00,usdt,1.00110999415546
2021-01-01 00:00:00+00:00,usdt,1.00236073348919
2021-01-02 00:00:00+00:00,usdt,1.00079448275862
2021-01-03 00:00:00+00:00,usdt,1.00137496317943
2021-01-04 00:00:00+00:00,usdt,1.00078847645389
2021-01-05 00:00:00+00:00,usdt,1.00294670368206
2021-01-06 00:00:00+00:00,usdt,1.00223313851549
2021-01-07 00:00:00+00:00,usdt,1.00110721800117
2021-01-08 00:00:00+00:00,usdt,1.00099577673875
2021-01-09 00:00:00+00:00,usdt,1.00369897954413
2021-01-10 00:00:00+00:00,usdt,0.999894203974284
2021-01-11 00:00:00+00:00,usdt,1.00058692460549
2021-01-12 00:00:00+00:00,usdt,0.999720046756283
2021-01-13 00:00:00+00:00,usdt,1.00027540100261
2021-01-14 00:00:00+00:00,usdt,0.998872232028054
2021-01-15 00:00:00+00:00,usdt,0.999834848626534
2021-01-16 00:00:00+00:00,usdt,1.00002629456458
2021-01-17 00:00:00+00:00,usdt,0.999718521332554
2021-01-18 00:00:00+00:00,usdt,1.00022301811806
2021-01-19 00:00:00+00:00,usdt,1.00046794638736
2021-01-20 00:00:00+00:00,usdt,1.00044983985973
2021-01-21 00:00:00+00:00,usdt,0.999143780245471
2021-01-22 00:00:00+00:00,usdt,1.00091508533022
2021-01-23 00:00:00+00:00,usdt,1.00076821858562
2021-01-24 00:00:00+00:00,usdt,1.00102872899474
2021-01-25 00:00:00+00:00,usdt,1.00006044698271
2021-01-26 00:00:00+00:00,usdt,1.00112616890707
2021-01-27 00:00:00+00:00,usdt,1.00191072939801
2021-01-28 00:00:00+00:00,usdt,1.00241853302162
2021-01-29 00:00:00+00:00,usdt,1.00041277147867
2021-01-30 00:00:00+00:00,usdt,1.00110199883109
2021-01-31 00:00:00+00:00,usdt,1.00092086616014
2021-02-01 00:00:00+00:00,usdt,1.0003284465225
2021-02-02 00:00:00+00:00,usdt,1.00086499415546
2021-02-03 00:00:00+00:00,usdt,1.0012909170076
2021-02-04 00:00:00+00:00,usdt,1.00113991817651
2021-02-05 00:00:00+00:00,usdt,1.00075559438925
2021-02-06 00:00:00+00:00,usdt,1.00151014202221
2021-02-07 00:00:00+00:00,usdt,1.00156214611338
2021-02-08 00:00:00+00:00,usdt,1.000809421391
2021-02-09 00:00:00+00:00,usdt,1.00134510987726
2021-02-10 00:00:00+00:00,usdt,1.00064879836353
2021-02-11 00:00:00+00:00,usdt,1.0006045873758
2021-02-12 00:00:00+00:00,usdt,1.0021987521917
2021-02-13 00:00:00+00:00,usdt,1.00123428638223
2021-02-14 00:00:00+00:00,usdt,1.00103493863238
2021-02-15 00:00:00+00:00,usdt,1.00029480888369
2021-02-16 00:00:00+00:00,usdt,1.00011667445938
2021-02-17 00:00:00+00:00,usdt,1.00059838230056
2021-02-18 00:00:00+00:00,usdt,1.00025031268264
2021-02-19 00:00:00+00:00,usdt,1.0006940666277
2021-02-20 00:00:00+00:00,usdt,1.00083178725891
2021-02-21 00:00:00+00:00,usdt,1.00101587960257
2021-02-22 00:00:00+00:00,usdt,1.00070271478667
2021-02-23 00:00:00+00:00,usdt,1.00024001753361
2021-02-24 00:00:00+00:00,usdt,1.00086514026885
2021-02-25 00:00:00+00:00,usdt,0.999848481589714
2021-02-26 00:00:00+00:00,usdt,1.00013544716159
2021-02-27 00:00:00+00:00,usdt,1.0009267270602
2021-02-28 00:00:00+00:00,usdt,1.00191105552309
2021-03-01 00:00:00+00:00,usdt,1.00064350087668
2021-03-02 00:00:00+00:00,usdt,1.00078202220923
2021-03-03 00:00:00+00:00,usdt,1.00034045411052
2021-03-04 00:00:00+00:00,usdt,0.999776019286967
2021-03-05 00:00:00+00:00,usdt,1.00041998831093
2021-03-06 00:00:00+00:00,usdt,1.00046695149036
2021-03-07 00:00:00+00:00,usdt,1.00023945645821
2021-03-08 00:00:00+00:00,usdt,1.0003480829924
2021-03-09 00:00:00+00:00,usdt,1.0003944301578
2021-03-10 00:00:00+00:00,usdt,1.00013777849211
2021-03-11 00:00:00+00:00,usdt,1.00018422559906
2021-03-12 00:00:00+00:00,usdt,0.999969570426652
2021-03-13 00:00:00+00:00,usdt,0.999485851548802
2021-03-14 00:00:00+00:00,usdt,0.999995623611923
2021-03-15 00:00:00+00:00,usdt,1.00007880187025
2021-03-16 00:00:00+00:00,usdt,1.00013556399766
2021-03-17 00:00:00+00:00,usdt,1.00011422793688
2021-03-18 00:00:00+00:00,usdt,0.999885781998831
2021-03-19 00:00:00+00:00,usdt,0.999973
2021-03-20 00:00:00+00:00,usdt,1.00001584336645
2021-03-21 00:00:00+00:00,usdt,1.00030867913501
2021-03-22 00:00:00+00:00,usdt,1.0002788603156
2021-03-23 00:00:00+00:00,usdt,0.999952773816481
2021-03-24 00:00:00+00:00,usdt,0.999677895967271
2021-03-25 00:00:00+00:00,usdt,1.00015045440396
2021-03-26 00:00:00+00:00,usdt,1.00067265225015
2021-03-27 00:00:00+00:00,usdt,1.00020341905319
2021-03-28 00:00:00+00:00,usdt,0.999796728193866
2021-03-29 00:00:00+00:00,usdt,0.999888947983635
2021-03-30 00:00:00+00:00,usdt,1.00039055289305
2021-03-31 00:00:00+00:00,usdt,1.00036219053185
2021-04-01 00:00:00+00:00,usdt,0.999729409701929
2021-04-02 00:00:00+00:00,usdt,1.0001183056692
2021-04-03 00:00:00+00:00,usdt,1.0003198842782
2021-04-04 00:00:00+00:00,usdt,1.00021256165985
2021-04-05 00:00:00+00:00,usdt,1.00003725774401
2021-04-06 00:00:00+00:00,usdt,1.00028238340152
2021-04-07 00:00:00+00:00,usdt,0.999762416715371
2021-04-08 00:00:00+00:00,usdt,0.99988761659848
2021-04-09 00:00:00+00:00,usdt,0.99966319988311
2021-04-10 00:00:00+00:00,usdt,0.999547020455874
2021-04-11 00:00:00+00:00,usdt,0.999199879602572
2021-04-12 00:00:00+00:00,usdt,0.999589237872589
2021-04-13 00:00:00+00:00,usdt,1.00009319345412
2021-04-14 00:00:00+00:00,usdt,1.00002478550555
2021-04-15 00:00:00+00:00,usdt,1.00110153126826
2021-04-16 00:00:00+00:00,usdt,1.00119083693746
2021-04-17 00:00:00+00:00,usdt,1.00112999181765
2021-04-18 00:00:00+00:00,usdt,1.00200804208065
2021-04-19 00:00:00+00:00,usdt,1.00103348042081
2021-04-20 00:00:00+00:00,usdt,1.00104205177175
2021-04-21 00:00:00+00:00,usdt,1.00021779076563
2021-04-22 00:00:00+00:00,usdt,1.00015209643483
2021-04-23 00:00:00+00:00,usdt,1.0009844301578
2021-04-24 00:00:00+00:00,usdt,1.00109243717124
2021-04-25 00:00:00+00:00,usdt,1.00103461192285
2021-04-26 00:00:00+00:00,usdt,1.00079741671537
2021-04-27 00:00:00+00:00,usdt,1.00109937346581
2021-04-28 00:00:00+00:00,usdt,1.00094187025132
2021-04-29 00:00:00+00:00,usdt,1.0005775862069
2021-04-30 00:00:00+00:00,usdt,1.00114534190532
2021-05-01 00:00:00+00:00,usdt,1.00081484511981
2021-05-02 00:00:00+00:00,usdt,1.00074985949046
2021-05-03 00:00:00+00:00,usdt,1.00088293629456
2021-05-04 00:00:00+00:00,usdt,1.00046930216248
2021-05-05 00:00:00+00:00,usdt,1.00097122735243
2021-05-06 00:00:00+00:00,usdt,1.00061122501461
2021-05-07 00:00:00+00:00,usdt,1.00082425482174
2021-05-08 00:00:00+00:00,usdt,1.00139125774401
2021-05-09 00:00:00+00:00,usdt,1.00103102922268
2021-05-10 00:00:00+00:00,usdt,1.00094134424313
2021-05-11 00:00:00+00:00,usdt,1.0014122238457
2021-05-12 00:00:00+00:00,usdt,0.999749117475161
2021-05-13 00:00:00+00:00,usdt,1.00013338573933
2021-05-14 00:00:00+00:00,usdt,1.00090936294565
2021-05-15 00:00:00+00:00,usdt,1.0002742893045
2021-05-16 00:00:00+00:00,usdt,1.00033208123904
2021-05-17 00:00:00+00:00,usdt,1.00044249678551
2021-05-18 00:00:00+00:00,usdt,1.00067343074226
2021-05-19 00:00:00+00:00,usdt,1.00203487025131
2021-05-20 00:00:00+00:00,usdt,1.00193997720631
2021-05-21 00:00:00+00:00,usdt,1.00173608883694
2021-05-22 00:00:00+00:00,usdt,1.00110726766418
2021-05-23 00:00:00+00:00,usdt,1.00152236060783
2021-05-24 00:00:00+00:00,usdt,1.00111121975453
2021-05-25 00:00:00+00:00,usdt,1.00099437171245
2021-05-26 00:00:00+00:00,usdt,1.00132651139684
2021-05-27 00:00:00+00:00,usdt,1.0009787434249
2021-05-28 00:00:00+00:00,usdt,1.00031662185856
2021-05-29 00:00:00+00:00,usdt,1.00067475160725
2021-05-30 00:00:00+00:00,usdt,1.00053104032729
2021-05-31 00:00:00+00:00,usdt,1.00032645236704
2021-06-01 00:00:00+00:00,usdt,0.999911987142022
2021-06-02 00:00:00+00:00,usdt,1.00014260081824
2021-06-03 00:00:00+00:00,usdt,1.00014723553477
2021-06-04 00:00:00+00:00,usdt,1.00064786090006
2021-06-05 00:00:00+00:00,usdt,1.00034792518995
2021-06-06 00:00:00+00:00,usdt,1.00029239918177
2021-06-07 00:00:00+00:00,usdt,1.00033279661017
2021-06-08 00:00:00+00:00,usdt,1.00088871770894
2021-06-09 00:00:00+00:00,usdt,1.00057117475161
2021-06-10 00:00:00+00:00,usdt,1.00040308766803
2021-06-11 00:00:00+00:00,usdt,1.00009368205728
2021-06-12 00:00:00+00:00,usdt,1.0001995371128
2021-06-13 00:00:00+00:00,usdt,1.00012324956166
2021-06-14 00:00:00+00:00,usdt,1.00033300701344
2021-06-15 00:00:00+00:00,usdt,1.00004954061952
2021-06-16 00:00:00+00:00,usdt,0.999844800116891
2021-06-17 00:00:00+00:00,usdt,1.00004020806546
2021-06-18 00:00:00+00:00,usdt,1.00044645178258
2021-06-19 00:00:00+00:00,usdt,1.00023559029807
2021-06-20 00:00:00+00:00,usdt,0.999855862068965
2021-06-21 00:00:00+00:00,usdt,0.999801036820573
2021-06-22 00:00:00+00:00,usdt,1.00030004208065
2021-06-23 00:00:00+00:00,usdt,1.00018887492694
2021-06-24 00:00:00+00:00,usdt,1.00002584219755
2021-06-25 00:00:00+00:00,usdt,1.00003041963764
2021-06-26 00:00:00+00:00,usdt,0.999972163062537
2021-06-27 00:00:00+00:00,usdt,1.00018024839275
2021-06-28 00:00:00+00:00,usdt,1.00018711279953
2021-06-29 00:00:00+00:00,usdt,1.0000875862069
2021-06-30 00:00:00+00:00,usdt,1.00020690648743
2021-07-01 00:00:00+00:00,usdt,1.00015347399182
2021-07-02 00:00:00+00:00,usdt,1.00011035710111
2021-07-03 00:00:00+00:00,usdt,1.00029321443741
2021-07-04 00:00:00+00:00,usdt,1.0000984704838
2021-07-05 00:00:00+00:00,usdt,1.00015828106994
2021-07-06 00:00:00+00:00,usdt,1.0000818100526
2021-07-07 00:00:00+00:00,usdt,1.00025285388662
2021-07-08 00:00:00+00:00,usdt,1.00003992707903
2021-07-09 00:00:00+00:00,usdt,0.999869812974869
2021-07-10 00:00:00+00:00,usdt,0.999816787397207
2021-07-11 00:00:00+00:00,usdt,1.00000526008182
2021-07-12 00:00:00+00:00,usdt,0.999996126669242
2021-07-13 00:00:00+00:00,usdt,0.999761189731898
2021-07-14 00:00:00+00:00,usdt,1.00015368554277
2021-07-15 00:00:00+00:00,usdt,0.999907942723554
2021-07-16 00:00:00+00:00,usdt,1.000230138721
2021-07-17 00:00:00+00:00,usdt,1.00025065458796
2021-07-18 00:00:00+00:00,usdt,1.00019294846719
2021-07-19 00:00:00+00:00,usdt,1.00000399766219
2021-07-20 00:00:00+00:00,usdt,1.00009500384551
2021-07-21 00:00:00+00:00,usdt,1.00006964874342
2021-07-22 00:00:00+00:00,usdt,1.00005333883161
2021-07-23 00:00:00+00:00,usdt,1.00036140736411
2021-07-24 00:00:00+00:00,usdt,1.0006582877938
2021-07-25 00:00:00+00:00,usdt,1.0007045447107
2021-07-26 00:00:00+00:00,usdt,1.00030804589788
2021-07-27 00:00:00+00:00,usdt,1.00029763237873
2021-07-28 00:00:00+00:00,usdt,1.00024811396844
2021-07-29 00:00:00+00:00,usdt,1.00022561659848
2021-07-30 00:00:00+00:00,usdt,1.00054465809468
2021-07-31 00:00:00+00:00,usdt,1.00062502279369
2021-08-01 00:00:00+00:00,usdt,1.00034684687317
2021-08-02 00:00:00+00:00,usdt,1.00015597779077
2021-08-03 00:00:00+00:00,usdt,0.999977880771479
2021-08-04 00:00:00+00:00,usdt,0.999979690824079
2021-08-05 00:00:00+00:00,usdt,1.00044308065459
2021-08-06 00:00:00+00:00,usdt,1.00029479836353
2021-08-07 00:00:00+00:00,usdt,1.00086824430158
2021-08-08 00:00:00+00:00,usdt,1.00064749327878
2021-08-09 00:00:00+00:00,usdt,1.00003687843366
2021-08-10 00:00:00+00:00,usdt,1.00025402162478
2021-08-11 00:00:00+00:00,usdt,1.00049458211572
2021-08-12 00:00:00+00:00,usdt,1.00043679953244
2021-08-13 00:00:00+00:00,usdt,1.00038431911163
2021-08-14 00:00:00+00:00,usdt,1.0007178842782
2021-08-15 00:00:00+00:00,usdt,1.00078921683226
2021-08-16 00:00:00+00:00,usdt,1.00025933372297
2021-08-17 00:00:00+00:00,usdt,0.99997222150789
2021-08-18 00:00:00+00:00,usdt,1.00029726475745
2021-08-19 00:00:00+00:00,usdt,0.999990742255991
2021-08-20 00:00:00+00:00,usdt,1.00043935651666
2021-08-21 00:00:00+00:00,usdt,1.00077390999416
2021-08-22 00:00:00+00:00,usdt,1.00074272238457
2021-08-23 00:00:00+00:00,usdt,1.00026270601987
2021-08-24 00:00:00+00:00,usdt,1.00026786090006
2021-08-25 00:00:00+00:00,usdt,1.00020066277031
2021-08-26 00:00:00+00:00,usdt,1.00026765219967
2021-08-27 00:00:00+00:00,usdt,1.00064076563413
2021-08-28 00:00:00+00:00,usdt,1.00064186499123
2021-08-29 00:00:00+00:00,usdt,1.00066438632379
2021-08-30 00:00:00+00:00,usdt,1.00040678024547
2021-08-31 00:00:00+00:00,usdt,1.00028406195208
2021-09-01 00:00:00+00:00,usdt,1.00038080070134
2021-09-02 00:00:00+00:00,usdt,1.00044932904734
2021-09-03 00:00:00+00:00,usdt,1.00043451490357
2021-09-04 00:00:00+00:00,usdt,1.00054781998831
2021-09-05 00:00:00+00:00,usdt,1.0005952314436
2021-09-06 00:00:00+00:00,usdt,1.00037455406195
2021-09-07 00:00:00+00:00,usdt,1.00059688778492
2021-09-08 00:00:00+00:00,usdt,1.00019632846289
2021-09-09 00:00:00+00:00,usdt,1.00014860607832
2021-09-10 00:00:00+00:00,usdt,1.00000922618352
2021-09-11 00:00:00+00:00,usdt,1.0001482773232
2021-09-12 00:00:00+00:00,usdt,1.00006530450029
2021-09-13 00:00:00+00:00,usdt,1.00031541009513
2021-09-14 00:00:00+00:00,usdt,1.00029605493863
2021-09-15 00:00:00+00:00,usdt,1.00037501168907
2021-09-16 00:00:00+00:00,usdt,1.00031777907656
2021-09-17 00:00:00+00:00,usdt,1.00011430742256
2021-09-18 00:00:00+00:00,usdt,1.00022167445938
2021-09-19 00:00:00+00:00,usdt,1.00014613091759
2021-09-20 00:00:00+00:00,usdt,0.999766230274693
2021-09-21 00:00:00+00:00,usdt,0.999902948568089
2021-09-22 00:00:00+00:00,usdt,1.00041283459965
2021-09-23 00:00:00+00:00,usdt,1.00058305961426
2021-09-24 00:00:00+00:00,usdt,1.00071736119229
2021-09-25 00:00:00+00:00,usdt,1.00056412624196
2021-09-26 00:00:00+00:00,usdt,1.00047858854471
2021-09-27 00:00:00+00:00,usdt,1.00031409409702
2021-09-28 00:00:00+00:00,usdt,1.00011173290473
2021-09-29 00:00:00+00:00,usdt,0.999877293971938
2021-09-30 00:00:00+00:00,usdt,1.00009505552309
2021-10-01 00:00:00+00:00,usdt,1.00050757451783
2021-10-02 00:00:00+00:00,usdt,1.00048626826417
2021-10-03 00:00:00+00:00,usdt,1.00057484804208
2021-10-04 00:00:00+00:00,usdt,1.00042514319112
2021-10-05 00:00:00+00:00,usdt,1.00051246639392
2021-10-06 00:00:00+00:00,usdt,1.00046932787843
2021-10-07 00:00:00+00:00,usdt,1.00031973115137
2021-10-08 00:00:00+00:00,usdt,1.0001826943308
2021-10-09 00:00:00+00:00,usdt,1.00030657218001
2021-10-10 00:00:00+00:00,usdt,1.00037859146698
2021-10-11 00:00:00+00:00,usdt,1.00031951490357
2021-10-12 00:00:00+00:00,usdt,0.999980169491525
2021-10-13 00:00:00+00:00,usdt,1.00008984804208
2021-10-14 00:00:00+00:00,usdt,1.00015128872005
2021-10-15 00:00:00+00:00,usdt,0.999775225014612
2021-10-16 00:00:00+00:00,usdt,1.00000357685564
2021-10-17 00:00:00+00:00,usdt,1.00005102863822
2021-10-18 00:00:00+00:00,usdt,0.999895108123904
2021-10-19 00:00:00+00:00,usdt,1.00024182057276
2021-10-20 00:00:00+00:00,usdt,1.00019621274109
2021-10-21 00:00:00+00:00,usdt,1.00014587375804
2021-10-22 00:00:00+00:00,usdt,0.999791531268264
2021-10-23 00:00:00+00:00,usdt,1.00002551139684
2021-10-24 00:00:00+00:00,usdt,1.00005817942724
2021-10-25 00:00:00+00:00,usdt,0.999946344243133
2021-10-26 00:00:00+00:00,usdt,1.00010383985973
2021-10-27 00:00:00+00:00,usdt,1.00094955873758
2021-10-28 00:00:00+00:00,usdt,1.00047206604325
2021-10-29 00:00:00+00:00,usdt,1.00028300409117
2021-10-30 00:00:00+00:00,usdt,1.00043587375804
2021-10-31 00:00:00+00:00,usdt,1.00070279076563
2021-11-01 00:00:00+00:00,usdt,1.00063098188194
2021-11-02 00:00:00+00:00,usdt,1.00081983343074
2021-11-03 00:00:00+00:00,usdt,1.00057669199299
2021-11-04 00:00:00+00:00,usdt,1.00073947141407
2021-11-05 00:00:00+00:00,usdt,1.00100962594974
2021-11-06 00:00:00+00:00,usdt,1.00087285797779
2021-11-07 00:00:00+00:00,usdt,1.00081157802455
2021-11-08 00:00:00+00:00,usdt,1.00043556399766
2021-11-09 00:00:00+00:00,usdt,1.00012808883694
2021-11-10 00:00:00+00:00,usdt,1.00056202220923
2021-11-11 00:00:00+00:00,usdt,1.00047979544126
2021-11-12 00:00:00+00:00,usdt,1.00025466393922
2021-11-13 00:00:00+00:00,usdt,1.00026359731151
2021-11-14 00:00:00+00:00,usdt,1.00027353886616
2021-11-15 00:00:00+00:00,usdt,1.00011804208065
2021-11-16 00:00:00+00:00,usdt,1.0005725949737
2021-11-17 00:00:00+00:00,usdt,1.00054923436587
2021-11-18 00:00:00+00:00,usdt,1.00054518410286
2021-11-19 00:00:00+00:00,usdt,1.00087953828171
2021-11-20 00:00:00+00:00,usdt,1.00082808883694
2021-11-21 00:00:00+00:00,usdt,1.00107001461134
2021-11-22 00:00:00+00:00,usdt,1.0007378755114
2021-11-23 00:00:00+00:00,usdt,1.00050677673875
2021-11-24 00:00:00+00:00,usdt,1.0003811659848
2021-11-25 00:00:00+00:00,usdt,1.00070820572764
2021-11-26 00:00:00+00:00,usdt,1.00068343074226
2021-11-27 00:00:00+00:00,usdt,1.00074992109877
2021-11-28 00:00:00+00:00,usdt,1.00070636469901
2021-11-29 00:00:00+00:00,usdt,1.00096186440678
2021-11-30 00:00:00+00:00,usdt,1.00086217708942
2021-12-01 00:00:00+00:00,usdt,1.00062661601403
2021-12-02 00:00:00+00:00,usdt,1.00074613091759
2021-12-03 00:00:00+00:00,usdt,1.00052682933957
2021-12-04 00:00:00+00:00,usdt,1.00119458796026
2021-12-05 00:00:00+00:00,usdt,1.00123609000584
2021-12-06 00:00:00+00:00,usdt,1.00112246054939
2021-12-07 00:00:00+00:00,usdt,1.0008704880187
2021-12-08 00:00:00+00:00,usdt,1.00090326125073
2021-12-09 00:00:00+00:00,usdt,1.0005190414962
2021-12-10 00:00:00+00:00,usdt,1.00047853886616
2021-12-11 00:00:00+00:00,usdt,1.00055739041496
2021-12-12 00:00:00+00:00,usdt,1.00059316189363
2021-12-13 00:00:00+00:00,usdt,1.00044224430158
2021-12-14 00:00:00+00:00,usdt,1.00039905610754
2021-12-15 00:00:00+00:00,usdt,1.00036964932788
2021-12-16 00:00:00+00:00,usdt,1.00019016364699
2021-12-17 00:00:00+00:00,usdt,1.0003135710111
2021-12-18 00:00:00+00:00,usdt,1.00035592051432
2021-12-19 00:00:00+00:00,usdt,1.00032477498539
2021-12-20 00:00:00+00:00,usdt,1.00022789255926
2021-12-21 00:00:00+00:00,usdt,1.00029836645237
2021-12-22 00:00:00+00:00,usdt,1.00034928404442
2021-12-23 00:00:00+00:00,usdt,1.00040368205728
2021-12-24 00:00:00+00:00,usdt,1.00053371712449
2021-12-25 00:00:00+00:00,usdt,1.00045881355932
2021-12-26 00:00:00+00:00,usdt,1.00047758912916
2021-12-27 00:00:00+00:00,usdt,1.0003
2021-12-28 00:00:00+00:00,usdt,1.00009799824664
2021-12-29 00:00:00+00:00,usdt,1.00008758328463
2021-12-30 00:00:00+00:00,usdt,0.999990005844535
2021-12-31 00:00:00+00:00,usdt,1.00016921683226
2022-01-01 00:00:00+00:00,usdt,1.00018648158971
2022-01-02 00:00:00+00:00,usdt,1.00019563413209
2022-01-03 00:00:00+00:00,usdt,1.00008532437171
2022-01-04 00:00:00+00:00,usdt,0.999844079485681
2022-01-05 00:00:00+00:00,usdt,1.0000262478083
2022-01-06 00:00:00+00:00,usdt,0.999899842197545
2022-01-07 00:00:00+00:00,usdt,0.999859599649328
2022-01-08 00:00:00+00:00,usdt,1.0000798012858
2022-01-09 00:00:00+00:00,usdt,1.00002756282876
2022-01-10 00:00:00+00:00,usdt,1.00012924897721
2022-01-11 00:00:00+00:00,usdt,1.0003548100526
2022-01-12 00:00:00+00:00,usdt,1.00042030391584
2022-01-13 00:00:00+00:00,usdt,1.00030084161309
2022-01-14 00:00:00+00:00,usdt,1.00042440677966
2022-01-15 00:00:00+00:00,usdt,1.00041041496201
2022-01-16 00:00:00+00:00,usdt,1.00038248100526
2022-01-17 00:00:00+00:00,usdt,1.00035186732905
2022-01-18 00:00:00+00:00,usdt,1.0003367182934
2022-01-19 00:00:00+00:00,usdt,1.00030673290473
2022-01-20 00:00:00+00:00,usdt,1.00010336645237
2022-01-21 00:00:00+00:00,usdt,1.00023850964348
2022-01-22 00:00:00+00:00,usdt,1.0002372969024
2022-01-23 00:00:00+00:00,usdt,1.00029815897136
2022-01-24 00:00:00+00:00,usdt,1.00037585622443
2022-01-25 00:00:00+00:00,usdt,1.00075486265342
2022-01-26 00:00:00+00:00,usdt,1.00055465517241
2022-01-27 00:00:00+00:00,usdt,1.00021588544711
2022-01-28 00:00:00+00:00,usdt,1.00035086499123
2022-01-29 00:00:00+00:00,usdt,1.00032645821157
2022-01-30 00:00:00+00:00,usdt,1.00036575394506
2022-01-31 00:00:00+00:00,usdt,1.00051172998247
2022-02-01 00:00:00+00:00,usdt,1.00053040327294
2022-02-02 00:00:00+00:00,usdt,1.00060610461718
2022-02-03 00:00:00+00:00,usdt,1.00046953828171
2022-02-04 00:00:00+00:00,usdt,1.00067632378726
2022-02-05 00:00:00+00:00,usdt,1.00062830216248
2022-02-06 00:00:00+00:00,usdt,1.00055755113968
2022-02-07 00:00:00+00:00,usdt,1.00071741087084
2022-02-08 00:00:00+00:00,usdt,1.00091462302747
2022-02-09 00:00:00+00:00,usdt,1.00086228521333
2022-02-10 00:00:00+00:00,usdt,1.00067117475161
2022-02-11 00:00:00+00:00,usdt,1.0005167270602
2022-02-12 00:00:00+00:00,usdt,1.00056196960842
2022-02-13 00:00:00+00:00,usdt,1.00045954704851
2022-02-14 00:00:00+00:00,usdt,1.00048732028054
2022-02-15 00:00:00+00:00,usdt,1.00062829924021
2022-02-16 00:00:00+00:00,usdt,1.00055881355932
2022-02-17 00:00:00+00:00,usdt,1.00059458211572
2022-02-18 00:00:00+00:00,usdt,1.00051267387493
2022-02-19 00:00:00+00:00,usdt,1.00041978375219
2022-02-20 00:00:00+00:00,usdt,1.00037522501461
2022-02-21 00:00:00+00:00,usdt,1.00045791057861
2022-02-22 00:00:00+00:00,usdt,1.00048721800117
2022-02-23 00:00:00+00:00,usdt,1.00049478959673
2022-02-24 00:00:00+00:00,usdt,1.00040320864991
2022-02-25 00:00:00+00:00,usdt,1.00057270017534
2022-02-26 00:00:00+00:00,usdt,1.0005225131502
2022-02-27 00:00:00+00:00,usdt,1.0004100993571
2022-02-28 00:00:00+00:00,usdt,1.00031610169492
2022-03-01 00:00:00+00:00,usdt,1.0004072063121
2022-03-02 00:00:00+00:00,usdt,1.00034592343659
2022-03-03 00:00:00+00:00,usdt,1.00012635008767
2022-03-04 00:00:00+00:00,usdt,1.0002
2022-03-05 00:00:00+00:00,usdt,1.00017837814144
2022-03-06 00:00:00+00:00,usdt,1.0001794301578
2022-03-07 00:00:00+00:00,usdt,1.00019584453536
2022-03-08 00:00:00+00:00,usdt,1.00013377264757
2022-03-09 00:00:00+00:00,usdt,1.00027637931035
2022-03-10 00:00:00+00:00,usdt,1.00043287843366
2022-03-11 00:00:00+00:00,usdt,1.000101157218
2022-03-12 00:00:00+00:00,usdt,1.00017281067967
2022-03-13 00:00:00+00:00,usdt,1.00021625365283
2022-03-14 00:00:00+00:00,usdt,1.00011194038574
2022-03-15 00:00:00+00:00,usdt,1.00031762127411
2022-03-16 00:00:00+00:00,usdt,1.000304050263
2022-03-17 00:00:00+00:00,usdt,1.00051220338983
2022-03-18 00:00:00+00:00,usdt,1.00059862653419
2022-03-19 00:00:00+00:00,usdt,1.00049205727645
2022-03-20 00:00:00+00:00,usdt,1.0004817445938
2022-03-21 00:00:00+00:00,usdt,1.00038327586207
2022-03-22 00:00:00+00:00,usdt,1.00042503555924
2022-03-23 00:00:00+00:00,usdt,1.00041562244302
2022-03-24 00:00:00+00:00,usdt,1.00048900642899
2022-03-25 00:00:00+00:00,usdt,1.00041651665693
2022-03-26 00:00:00+00:00,usdt,1.00046527761543
2022-03-27 00:00:00+00:00,usdt,1.00036454412624
2022-03-28 00:00:00+00:00,usdt,1.0004598100526
2022-03-29 00:00:00+00:00,usdt,1.00040499707773
2022-03-30 00:00:00+00:00,usdt,1.00030252483928
2022-03-31 00:00:00+00:00,usdt,1.00031809760374
2022-04-01 00:00:00+00:00,usdt,1.0003451899474
2022-04-02 00:00:00+00:00,usdt,1.00037474868498
2022-04-03 00:00:00+00:00,usdt,1.00030983635301
2022-04-04 00:00:00+00:00,usdt,1.00022372881356
2022-04-05 00:00:00+00:00,usdt,1.00017312098188
2022-04-06 00:00:00+00:00,usdt,1.00008942723553
2022-04-07 00:00:00+00:00,usdt,1.00008180011689
2022-04-08 00:00:00+00:00,usdt,1.00020920222092
2022-04-09 00:00:00+00:00,usdt,1.00020746931619
2022-04-10 00:00:00+00:00,usdt,1.00028037697253
2022-04-11 00:00:00+00:00,usdt,1.0001843220339
2022-04-12 00:00:00+00:00,usdt,1.0001843220339
2022-04-13 00:00:00+00:00,usdt,1.00013887492694
2022-04-14 00:00:00+00:00,usdt,1.00009090005845
2022-04-15 00:00:00+00:00,usdt,1.00011488603156
2022-04-16 00:00:00+00:00,usdt,1.00013598188194
2022-04-17 00:00:00+00:00,usdt,1.00019936879018
2022-04-18 00:00:00+00:00,usdt,1.00012014903565
2022-04-19 00:00:00+00:00,usdt,1.00015649912332
2022-04-20 00:00:00+00:00,usdt,1.00019731735827
2022-04-21 00:00:00+00:00,usdt,1.00016296610169
2022-04-22 00:00:00+00:00,usdt,1.00012293395675
2022-04-23 00:00:00+00:00,usdt,1.00019742255991
2022-04-24 00:00:00+00:00,usdt,1.00020573348919
2022-04-25 00:00:00+00:00,usdt,1.00009521332554
2022-04-26 00:00:00+00:00,usdt,1.00002667153711
2022-04-27 00:00:00+00:00,usdt,1.00003771186441
2022-04-28 00:00:00+00:00,usdt,1.00004029514904
2022-04-29 00:00:00+00:00,usdt,1.00002992986558
2022-04-30 00:00:00+00:00,usdt,1.00020705143191
2022-05-01 00:00:00+00:00,usdt,1.0000268264173
2022-05-02 00:00:00+00:00,usdt,0.999899684395091
2022-05-03 00:00:00+00:00,usdt,0.999807156633548
2022-05-04 00:00:00+00:00,usdt,0.999809731151374
2022-05-05 00:00:00+00:00,usdt,0.999703509643484
2022-05-06 00:00:00+00:00,usdt,0.999799579193455
2022-05-07 00:00:00+00:00,usdt,0.999724564582116
2022-05-08 00:00:00+00:00,usdt,0.999744769140854
2022-05-09 00:00:00+00:00,usdt,0.999706206896552
2022-05-10 00:00:00+00:00,usdt,0.999573644067797
2022-05-11 00:00:00+00:00,usdt,0.995427402104033
2022-05-12 00:00:00+00:00,usdt,0.997241022793688
2022-05-13 00:00:00+00:00,usdt,0.998283696668615
2022-05-14 00:00:00+00:00,usdt,0.998618988895383
2022-05-15 00:00:00+00:00,usdt,0.998743749269433
2022-05-16 00:00:00+00:00,usdt,0.998619728229106
2022-05-17 00:00:00+00:00,usdt,0.998755230859147
2022-05-18 00:00:00+00:00,usdt,0.998682849210988
2022-05-19 00:00:00+00:00,usdt,0.998921612799533
2022-05-20 00:00:00+00:00,usdt,0.99874092402104
2022-05-21 00:00:00+00:00,usdt,0.998653906779661
2022-05-22 00:00:00+00:00,usdt,0.998899486557569
2022-05-23 00:00:00+00:00,usdt,0.998906817066043
2022-05-24 00:00:00+00:00,usdt,0.99867027761543
2022-05-25 00:00:00+00:00,usdt,0.998869806838106
2022-05-26 00:00:00+00:00,usdt,0.998818873758037
2022-05-27 00:00:00+00:00,usdt,0.998776106370544
2022-05-28 00:00:00+00:00,usdt,0.998892690824079
2022-05-29 00:00:00+00:00,usdt,0.998946011396844
2022-05-30 00:00:00+00:00,usdt,0.999245456165985
2022-05-31 00:00:00+00:00,usdt,0.999197267095266
2022-06-01 00:00:00+00:00,usdt,0.999087658971362
2022-06-02 00:00:00+00:00,usdt,0.999266902396259
2022-06-03 00:00:00+00:00,usdt,0.998992578024547
2022-06-04 00:00:00+00:00,usdt,0.999108232612507
2022-06-05 00:00:00+00:00,usdt,0.999134338983051
2022-06-06 00:00:00+00:00,usdt,0.999162388077148
2022-06-07 00:00:00+00:00,usdt,0.999333312682642
2022-06-08 00:00:00+00:00,usdt,0.999242428988895
2022-06-09 00:00:00+00:00,usdt,0.999144908240795
2022-06-10 00:00:00+00:00,usdt,0.998864073056692
2022-06-11 00:00:00+00:00,usdt,0.998833175751237
2022-06-12 00:00:00+00:00,usdt,0.998817958503799
2022-06-13 00:00:00+00:00,usdt,0.998483649327878
2022-06-14 00:00:00+00:00,usdt,0.998815488603156
2022-06-15 00:00:00+00:00,usdt,0.998752169491526
2022-06-16 00:00:00+00:00,usdt,0.998626075978959
2022-06-17 00:00:00+00:00,usdt,0.998816950905903
2022-06-18 00:00:00+00:00,usdt,0.998475483927528
2022-06-19 00:00:00+00:00,usdt,0.998722813851549
2022-06-20 00:00:00+00:00,usdt,0.998786390122735
2022-06-21 00:00:00+00:00,usdt,0.999000983050847
2022-06-22 00:00:00+00:00,usdt,0.998840946230275
2022-06-23 00:00:00+00:00,usdt,0.999067355932203
2022-06-24 00:00:00+00:00,usdt,0.999218159263588
2022-06-25 00:00:00+00:00,usdt,0.99934066364699
2022-06-26 00:00:00+00:00,usdt,0.999461300409117
2022-06-27 00:00:00+00:00,usdt,0.998980449736996
2022-06-28 00:00:00+00:00,usdt,0.998765127995324
2022-06-29 00:00:00+00:00,usdt,0.998741495908825
2022-06-30 00:00:00+00:00,usdt,0.998747609585038
2022-07-01 00:00:00+00:00,usdt,0.998763371127995
2022-07-02 00:00:00+00:00,usdt,0.998716829924021
2022-07-03 00:00:00+00:00,usdt,0.998722399766219
2022-07-04 00:00:00+00:00,usdt,0.998861560783168
2022-07-05 00:00:00+00:00,usdt,0.998948976329632
2022-07-06 00:00:00+00:00,usdt,0.99896282729398
2022-07-07 00:00:00+00:00,usdt,0.999203497369959
2022-07-08 00:00:00+00:00,usdt,0.999450041788428
2022-07-09 00:00:00+00:00,usdt,0.999452278199883
2022-07-10 00:00:00+00:00,usdt,0.999359406779661
2022-07-11 00:00:00+00:00,usdt,0.999058950905903
2022-07-12 00:00:00+00:00,usdt,0.99893769345412
2022-07-13 00:00:00+00:00,usdt,0.999096417299824
2022-07-14 00:00:00+00:00,usdt,0.999260488895383
2022-07-15 00:00:00+00:00,usdt,0.999791982466394
2022-07-16 00:00:00+00:00,usdt,0.999766737872589
2022-07-17 00:00:00+00:00,usdt,0.999711893045003
2022-07-18 00:00:00+00:00,usdt,0.999813016949152
2022-07-19 00:00:00+00:00,usdt,1.00004117066043
2022-07-20 00:00:00+00:00,usdt,1.00012298217417
2022-07-21 00:00:00+00:00,usdt,1.0000734050263
2022-07-22 00:00:00+00:00,usdt,1.00007986937463
2022-07-23 00:00:00+00:00,usdt,1.00011204412624
2022-07-24 00:00:00+00:00,usdt,1.00009485768556
2022-07-25 00:00:00+00:00,usdt,1.00007631092928
2022-07-26 00:00:00+00:00,usdt,1.0001007761543
2022-07-27 00:00:00+00:00,usdt,1.00027003331385
2022-07-28 00:00:00+00:00,usdt,1.00021397077732
2022-07-29 00:00:00+00:00,usdt,1.00035429193454
2022-07-30 00:00:00+00:00,usdt,1.00031028316774
2022-07-31 00:00:00+00:00,usdt,1.00039866130918
2022-08-01 00:00:00+00:00,usdt,1.00032997194623
2022-08-02 00:00:00+00:00,usdt,1.00019834015196
2022-08-03 00:00:00+00:00,usdt,1.00021895265926
2022-08-04 00:00:00+00:00,usdt,1.00009184248977
2022-08-05 00:00:00+00:00,usdt,1.00009213237873
2022-08-06 00:00:00+00:00,usdt,1.00018532780524
2022-08-07 00:00:00+00:00,usdt,1.00015608533022
2022-08-08 00:00:00+00:00,usdt,1.00019397749854
2022-08-09 00:00:00+00:00,usdt,1.0002523635301
2022-08-10 00:00:00+00:00,usdt,1.00028672004676
2022-08-11 00:00:00+00:00,usdt,1.00038338661601
2022-08-12 00:00:00+00:00,usdt,1.00048501928697
2022-08-13 00:00:00+00:00,usdt,1.00039087609585
2022-08-14 00:00:00+00:00,usdt,1.00030538488243
2022-08-15 00:00:00+00:00,usdt,1.00018344097019
2022-08-16 00:00:00+00:00,usdt,1.0000987314436
2022-08-17 00:00:00+00:00,usdt,1.00008572326125
2022-08-18 00:00:00+00:00,usdt,1.00005084891876
2022-08-19 00:00:00+00:00,usdt,1.00004628345996
2022-08-20 00:00:00+00:00,usdt,0.999954079193454
2022-08-21 00:00:00+00:00,usdt,1.00000079953244
2022-08-22 00:00:00+00:00,usdt,0.999917331969608
2022-08-23 00:00:00+00:00,usdt,1.00002430450029
2022-08-24 00:00:00+00:00,usdt,1.00000810549386
2022-08-25 00:00:00+00:00,usdt,1.00001886849795
2022-08-26 00:00:00+00:00,usdt,1.00005668439509
2022-08-27 00:00:00+00:00,usdt,0.999990323495032
2022-08-28 00:00:00+00:00,usdt,0.999943507305669
2022-08-29 00:00:00+00:00,usdt,0.999966928112215
2022-08-30 00:00:00+00:00,usdt,1.00009610344828
2022-08-31 00:00:00+00:00,usdt,0.999950238457043
2022-09-01 00:00:00+00:00,usdt,0.99998728024547
2022-09-02 00:00:00+00:00,usdt,1.00007763033314
2022-09-03 00:00:00+00:00,usdt,1.0000665534775
2022-09-04 00:00:00+00:00,usdt,1.00002231618936
2022-09-05 00:00:00+00:00,usdt,0.999973503798948
2022-09-06 00:00:00+00:00,usdt,1.00002111542957
2022-09-07 00:00:00+00:00,usdt,1.000022871128
2022-09-08 00:00:00+00:00,usdt,1.00012943424898
2022-09-09 00:00:00+00:00,usdt,1.00030702630041
2022-09-10 00:00:00+00:00,usdt,1.00031363909994
2022-09-11 00:00:00+00:00,usdt,1.00026864465225
2022-09-12 00:00:00+00:00,usdt,1.00019155172414
2022-09-13 00:00:00+00:00,usdt,1.00001779339567
2022-09-14 00:00:00+00:00,usdt,1.00017332700175
2022-09-15 00:00:00+00:00,usdt,0.999921603740503
2022-09-16 00:00:00+00:00,usdt,0.999957728813559
2022-09-17 00:00:00+00:00,usdt,1.00001435008767
2022-09-18 00:00:00+00:00,usdt,0.999967697837522
2022-09-19 00:00:00+00:00,usdt,1.00015462244302
2022-09-20 00:00:00+00:00,usdt,0.999985560198714
2022-09-21 00:00:00+00:00,usdt,1.00000699210988
2022-09-22 00:00:00+00:00,usdt,0.999960995324372
2022-09-23 00:00:00+00:00,usdt,0.999912259205143
2022-09-24 00:00:00+00:00,usdt,1.00006116364699
2022-09-25 00:00:00+00:00,usdt,0.999970991249769
2022-09-26 00:00:00+00:00,usdt,0.999981795149036
2022-09-27 00:00:00+00:00,usdt,0.999949208065459
2022-09-28 00:00:00+00:00,usdt,0.999951724430158
2022-09-29 00:00:00+00:00,usdt,1.00006211075395
2022-09-30 00:00:00+00:00,usdt,1.00005721537113
2022-10-01 00:00:00+00:00,usdt,1.00002981618936
2022-10-02 00:00:00+00:00,usdt,1.00000780596143
2022-10-03 00:00:00+00:00,usdt,1.00013851899474
2022-10-04 00:00:00+00:00,usdt,1.00030165225015
2022-10-05 00:00:00+00:00,usdt,1.00016966949153
2022-10-06 00:00:00+00:00,usdt,1.00014462244302
2022-10-07 00:00:00+00:00,usdt,1.00010878462887
2022-10-08 00:00:00+00:00,usdt,1.00009321332554
2022-10-09 00:00:00+00:00,usdt,1.00009949503214
2022-10-10 00:00:00+00:00,usdt,0.999991415546464
2022-10-11 00:00:00+00:00,usdt,0.999865748977206
2022-10-12 00:00:00+00:00,usdt,0.999986802454705
2022-10-13 00:00:00+00:00,usdt,1.00009304997078
2022-10-14 00:00:00+00:00,usdt,1.00003835856224
2022-10-15 00:00:00+00:00,usdt,1.00002263062537
2022-10-16 00:00:00+00:00,usdt,1.0000386113384
2022-10-17 00:00:00+00:00,usdt,1.00003723202805
2022-10-18 00:00:00+00:00,usdt,1.00006538106371
2022-10-19 00:00:00+00:00,usdt,1.00004608825248
2022-10-20 00:00:00+00:00,usdt,0.999929052600819
2022-10-21 00:00:00+00:00,usdt,1.00003423553477
2022-10-22 00:00:00+00:00,usdt,1.00005888661601
2022-10-23 00:00:00+00:00,usdt,1.00003772969024
2022-10-24 00:00:00+00:00,usdt,1.00003284833431
2022-10-25 00:00:00+00:00,usdt,1.00024347632963
2022-10-26 00:00:00+00:00,usdt,1.00022438077148
2022-10-27 00:00:00+00:00,usdt,1.00007363120982
2022-10-28 00:00:00+00:00,usdt,1.00020603389831
2022-10-29 00:00:00+00:00,usdt,1.0002918886616
2022-10-30 00:00:00+00:00,usdt,1.00020323465809
2022-10-31 00:00:00+00:00,usdt,0.999945839275278
2022-11-01 00:00:00+00:00,usdt,0.999883448568089
2022-11-02 00:00:00+00:00,usdt,0.999951677089421
2022-11-03 00:00:00+00:00,usdt,0.999979868205728
2022-11-04 00:00:00+00:00,usdt,1.00008160490941
2022-11-05 00:00:00+00:00,usdt,1.00003929456458
2022-11-06 00:00:00+00:00,usdt,1.00023065108124
2022-11-07 00:00:00+00:00,usdt,1.00003994769141
2022-11-08 00:00:00+00:00,usdt,1.00130880014601
2022-11-09 00:00:00+00:00,usdt,0.998062928404442
2022-11-10 00:00:00+00:00,usdt,0.997384276154296
2022-11-11 00:00:00+00:00,usdt,0.997589962302747
2022-11-12 00:00:00+00:00,usdt,0.998162647574518
2022-11-13 00:00:00+00:00,usdt,0.998382040911747
2022-11-14 00:00:00+00:00,usdt,0.998498019286967
2022-11-15 00:00:00+00:00,usdt,0.998730137931034
2022-11-16 00:00:00+00:00,usdt,0.999091971361777
2022-11-17 00:00:00+00:00,usdt,0.999190820572764
2022-11-18 00:00:00+00:00,usdt,0.998747658094681
2022-11-19 00:00:00+00:00,usdt,0.998818526008182
2022-11-20 00:00:00+00:00,usdt,0.998568327878434
2022-11-21 00:00:00+00:00,usdt,0.998779508766803
2022-11-22 00:00:00+00:00,usdt,0.998686142022209
2022-11-23 00:00:00+00:00,usdt,0.998887381355932
2022-11-24 00:00:00+00:00,usdt,0.999199289888954
2022-11-25 00:00:00+00:00,usdt,0.999403997369959
2022-11-26 00:00:00+00:00,usdt,0.999404949736996
2022-11-27 00:00:00+00:00,usdt,0.999451798655757
2022-11-28 00:00:00+00:00,usdt,0.999565950905903
2022-11-29 00:00:00+00:00,usdt,0.999667922559906
2022-11-30 00:00:00+00:00,usdt,1.00011047545295
2022-12-01 00:00:00+00:00,usdt,1.00006830187025
2022-12-02 00:00:00+00:00,usdt,1.00005607627119
2022-12-03 00:00:00+00:00,usdt,1.0000992478083
2022-12-04 00:00:00+00:00,usdt,1.0001212565751
2022-12-05 00:00:00+00:00,usdt,1.0000076899474
2022-12-06 00:00:00+00:00,usdt,0.999975151373466
2022-12-07 00:00:00+00:00,usdt,1.00001546142607
2022-12-08 00:00:00+00:00,usdt,1.0000768918761
2022-12-09 00:00:00+00:00,usdt,1.00002043045003
2022-12-10 00:00:00+00:00,usdt,0.999981781122151
2022-12-11 00:00:00+00:00,usdt,1.00005179339568
2022-12-12 00:00:00+00:00,usdt,1.00008699181765
2022-12-13 00:00:00+00:00,usdt,0.999790784336645
2022-12-14 00:00:00+00:00,usdt,1.00007950613676
2022-12-15 00:00:00+00:00,usdt,1.00001800672122
2022-12-16 00:00:00+00:00,usdt,1.00006929047341
2022-12-17 00:00:00+00:00,usdt,1.00008859789597
2022-12-18 00:00:00+00:00,usdt,1.0001373603156
2022-12-19 00:00:00+00:00,usdt,0.999993400935126
2022-12-20 00:00:00+00:00,usdt,1.00003338223261
2022-12-21 00:00:00+00:00,usdt,1.00002222501461
2022-12-22 00:00:00+00:00,usdt,0.999842594389246
2022-12-23 00:00:00+00:00,usdt,0.999940541788428
2022-12-24 00:00:00+00:00,usdt,0.999942081006614
2022-12-25 00:00:00+00:00,usdt,0.999887018410286
2022-12-26 00:00:00+00:00,usdt,0.999778338690824
2022-12-27 00:00:00+00:00,usdt,0.999573914669784
2022-12-28 00:00:00+00:00,usdt,0.999486649327879
2022-12-29 00:00:00+00:00,usdt,0.999541841613092
2022-12-30 00:00:00+00:00,usdt,0.999494530099357
2022-12-31 00:00:00+00:00,usdt,0.999485695207481
2023-01-01 00:00:00+00:00,usdt,0.999573851256575
2023-01-02 00:00:00+00:00,usdt,0.999680878725891
2023-01-03 00:00:00+00:00,usdt,0.999595675920514
2023-01-04 00:00:00+00:00,usdt,0.999677485973115
2023-01-05 00:00:00+00:00,usdt,0.999631245470485
2023-01-06 00:00:00+00:00,usdt,0.99971698100526
2023-01-07 00:00:00+00:00,usdt,0.999833224722385
2023-01-08 00:00:00+00:00,usdt,0.999803329339568
2023-01-09 00:00:00+00:00,usdt,1.00000224605494
2023-01-10 00:00:00+00:00,usdt,1.00014332086499
2023-01-11 00:00:00+00:00,usdt,0.999879669783752
2023-01-12 00:00:00+00:00,usdt,1.00010669374635
2023-01-13 00:00:00+00:00,usdt,1.0001013798948
2023-01-14 00:00:00+00:00,usdt,1.00012399064874
2023-01-15 00:00:00+00:00,usdt,1.00029624956166
2023-01-16 00:00:00+00:00,usdt,1.00005152016365
2023-01-17 00:00:00+00:00,usdt,1.00012064289889
2023-01-18 00:00:00+00:00,usdt,0.999985665692577
2023-01-19 00:00:00+00:00,usdt,1.00002373991818
2023-01-20 00:00:00+00:00,usdt,1.00015859555815
2023-01-21 00:00:00+00:00,usdt,1.00016514903565
2023-01-22 00:00:00+00:00,usdt,1.00022557071888
2023-01-23 00:00:00+00:00,usdt,1.00012253769725
2023-01-24 00:00:00+00:00,usdt,1.00010436206897
2023-01-25 00:00:00+00:00,usdt,1.00017464436002
2023-01-26 00:00:00+00:00,usdt,1.00005334658095
2023-01-27 00:00:00+00:00,usdt,1.00037343717124
2023-01-28 00:00:00+00:00,usdt,1.00022718585622
2023-01-29 00:00:00+00:00,usdt,1.00003120572764
2023-01-30 00:00:00+00:00,usdt,1.00007394506137
2023-01-31 00:00:00+00:00,usdt,1.0000275327294
2023-02-01 00:00:00+00:00,usdt,1.00006082028054
2023-02-02 00:00:00+00:00,usdt,1.00015585505552
2023-02-03 00:00:00+00:00,usdt,1.00008024693162
2023-02-04 00:00:00+00:00,usdt,1.00008609146698
2023-02-05 00:00:00+00:00,usdt,1.00024914202221
2023-02-06 00:00:00+00:00,usdt,1.00004485797779
2023-02-07 00:00:00+00:00,usdt,1.00003534541204
2023-02-08 00:00:00+00:00,usdt,1.00000788077148
2023-02-09 00:00:00+00:00,usdt,1.0000815075979
2023-02-10 00:00:00+00:00,usdt,1.00013026680304
2023-02-11 00:00:00+00:00,usdt,1.00009598743425
2023-02-12 00:00:00+00:00,usdt,1.00015710841613
2023-02-13 00:00:00+00:00,usdt,1.00065723641146
2023-02-14 00:00:00+00:00,usdt,1.00024291291642
2023-02-15 00:00:00+00:00,usdt,1.00015979105786
2023-02-16 00:00:00+00:00,usdt,1.00009443424898
2023-02-17 00:00:00+00:00,usdt,1.00013240151958
2023-02-18 00:00:00+00:00,usdt,1.00015071040327
2023-02-19 00:00:00+00:00,usdt,1.00022348042081
2023-02-20 00:00:00+00:00,usdt,1.00009604558738
2023-02-21 00:00:00+00:00,usdt,1.00013917416715
2023-02-22 00:00:00+00:00,usdt,1.00004554997078
2023-02-23 00:00:00+00:00,usdt,1.00017807597896
2023-02-24 00:00:00+00:00,usdt,1.00002630829924
2023-02-25 00:00:00+00:00,usdt,1.00011663267095
2023-02-26 00:00:00+00:00,usdt,1.00006413476537
2023-02-27 00:00:00+00:00,usdt,1.00005394886032
2023-02-28 00:00:00+00:00,usdt,1.00015071244886
2023-03-01 00:00:00+00:00,usdt,1.00013140853302
2023-03-02 00:00:00+00:00,usdt,1.00007304091175
2023-03-03 00:00:00+00:00,usdt,1.00009498158971
2023-03-04 00:00:00+00:00,usdt,1.00007548818298
2023-03-05 00:00:00+00:00,usdt,1.00006473027469
2023-03-06 00:00:00+00:00,usdt,0.999938059029807
2023-03-07 00:00:00+00:00,usdt,0.999970684979544
2023-03-08 00:00:00+00:00,usdt,0.999860987142022
2023-03-09 00:00:00+00:00,usdt,0.999989670368206
2023-03-10 00:00:00+00:00,usdt,1.00373795499708
2023-03-11 00:00:00+00:00,usdt,1.00783905318527
2023-03-12 00:00:00+00:00,usdt,1.00737627264757
2023-03-13 00:00:00+00:00,usdt,1.00417311864407
2023-03-14 00:00:00+00:00,usdt,1.00354137288136
2023-03-15 00:00:00+00:00,usdt,1.00389937171245
2023-03-16 00:00:00+00:00,usdt,1.00221291077465
2023-03-17 00:00:00+00:00,usdt,1.00239039801286
2023-03-18 00:00:00+00:00,usdt,1.00277436586791
2023-03-19 00:00:00+00:00,usdt,1.00298050964348
2023-03-20 00:00:00+00:00,usdt,1.00292723056692
2023-03-21 00:00:00+00:00,usdt,1.0025724257744
2023-03-22 00:00:00+00:00,usdt,1.00246603565167
2023-03-23 00:00:00+00:00,usdt,1.00161175832846
2023-03-24 00:00:00+00:00,usdt,1.00115581122151
2023-03-25 00:00:00+00:00,usdt,1.00085086060783
2023-03-26 00:00:00+00:00,usdt,1.00090011279953
2023-03-27 00:00:00+00:00,usdt,1.00038980596143
2023-03-28 00:00:00+00:00,usdt,1.00025473991818
2023-03-29 00:00:00+00:00,usdt,1.00018832144944
2023-03-30 00:00:00+00:00,usdt,1.00006816306254
2023-03-31 00:00:00+00:00,usdt,1.00024253243717
2023-04-01 00:00:00+00:00,usdt,1.00039632904734
2023-04-02 00:00:00+00:00,usdt,1.00029727556984
2023-04-03 00:00:00+00:00,usdt,1.0002401616014
2023-04-04 00:00:00+00:00,usdt,1.00033728521333
2023-04-05 00:00:00+00:00,usdt,1.00011167942724
2023-04-06 00:00:00+00:00,usdt,1.00043718381064
2023-04-07 00:00:00+00:00,usdt,1.00057626358854
2023-04-08 00:00:00+00:00,usdt,1.00050790648743
2023-04-09 00:00:00+00:00,usdt,1.000578528346
2023-04-10 00:00:00+00:00,usdt,1.00071869023963
2023-04-11 00:00:00+00:00,usdt,1.00092653097604
2023-04-12 00:00:00+00:00,usdt,1.00046208445354
2023-04-13 00:00:00+00:00,usdt,1.00103973670368
2023-04-14 00:00:00+00:00,usdt,1.00088480807691
2023-04-15 00:00:00+00:00,usdt,1.0008392063121
2023-04-16 00:00:00+00:00,usdt,1.00070521449445
2023-04-17 00:00:00+00:00,usdt,1.00063184336645
2023-04-18 00:00:00+00:00,usdt,1.00029500555231
2023-04-19 00:00:00+00:00,usdt,1.00047550496786
2023-04-20 00:00:00+00:00,usdt,1.00008704792519
2023-04-21 00:00:00+00:00,usdt,0.999877599649328
2023-04-22 00:00:00+00:00,usdt,1.00007614874342
2023-04-23 00:00:00+00:00,usdt,1.00001123787259
2023-04-24 00:00:00+00:00,usdt,1.00004161747516
2023-04-25 00:00:00+00:00,usdt,1.00017099620105
2023-04-26 00:00:00+00:00,usdt,1.00040241905319
2023-04-27 00:00:00+00:00,usdt,1.0002852182934
2023-04-28 00:00:00+00:00,usdt,1.00068584307423
2023-04-29 00:00:00+00:00,usdt,1.00058890561075
2023-04-30 00:00:00+00:00,usdt,1.00043217533606
2023-05-01 00:00:00+00:00,usdt,1.00021033852883
2023-05-02 00:00:00+00:00,usdt,1.00052125511397
2023-05-03 00:00:00+00:00,usdt,1.00022968527177
2023-05-04 00:00:00+00:00,usdt,1.00044562478083
2023-05-05 00:00:00+00:00,usdt,1.00103014260666
2023-05-06 00:00:00+00:00,usdt,1.00175292109877
2023-05-07 00:00:00+00:00,usdt,1.00121677966102
2023-05-08 00:00:00+00:00,usdt,1.00083031589714
2023-05-09 00:00:00+00:00,usdt,1.00047193541788
2023-05-10 00:00:00+00:00,usdt,1.00077838924605
2023-05-11 00:00:00+00:00,usdt,1.00039772939801
2023-05-12 00:00:00+00:00,usdt,1.00048512916423
2023-05-13 00:00:00+00:00,usdt,1.00049462361192
2023-05-14 00:00:00+00:00,usdt,1.00043936002338
2023-05-15 00:00:00+00:00,usdt,1.0002332773232
2023-05-16 00:00:00+00:00,usdt,1.00007078725891
2023-05-17 00:00:00+00:00,usdt,1.00006015312683
2023-05-18 00:00:00+00:00,usdt,0.999995546756283
2023-05-19 00:00:00+00:00,usdt,1.00018727118644
2023-05-20 00:00:00+00:00,usdt,1.00030992811222
2023-05-21 00:00:00+00:00,usdt,1.00028389859731
2023-05-22 00:00:00+00:00,usdt,1.00019167329047
2023-05-23 00:00:00+00:00,usdt,1.00003114465225
2023-05-24 00:00:00+00:00,usdt,0.99993821975453
2023-05-25 00:00:00+00:00,usdt,1.00003656954997
2023-05-26 00:00:00+00:00,usdt,1.00029710227937
2023-05-27 00:00:00+00:00,usdt,1.00038053185272
2023-05-28 00:00:00+00:00,usdt,1.00021287814144
2023-05-29 00:00:00+00:00,usdt,1.00025599970777
2023-05-30 00:00:00+00:00,usdt,1.00013956107539
2023-05-31 00:00:00+00:00,usdt,1.0002385905903
2023-06-01 00:00:00+00:00,usdt,1.00005592635885
2023-06-02 00:00:00+00:00,usdt,1.00031179953244
2023-06-03 00:00:00+00:00,usdt,1.00030570835769
2023-06-04 00:00:00+00:00,usdt,1.00023423787259
2023-06-05 00:00:00+00:00,usdt,1.00024092781999
2023-06-06 00:00:00+00:00,usdt,1.00021128725891
2023-06-07 00:00:00+00:00,usdt,1.0000932980713
2023-06-08 00:00:00+00:00,usdt,1.00018695938048
2023-06-09 00:00:00+00:00,usdt,0.999989247808299
2023-06-10 00:00:00+00:00,usdt,1.00047748977206
2023-06-11 00:00:00+00:00,usdt,1.00040606370544
2023-06-12 00:00:00+00:00,usdt,1.00002281911163
2023-06-13 00:00:00+00:00,usdt,0.99977975862069
2023-06-14 00:00:00+00:00,usdt,0.999832469023963
2023-06-15 00:00:00+00:00,usdt,0.999052614260666
2023-06-16 00:00:00+00:00,usdt,0.999287987142022
2023-06-17 00:00:00+00:00,usdt,0.99954874050263
2023-06-18 00:00:00+00:00,usdt,0.999739473115137
2023-06-19 00:00:00+00:00,usdt,0.999735866744594
2023-06-20 00:00:00+00:00,usdt,1.00018619316189
2023-06-21 00:00:00+00:00,usdt,0.99998752980713
2023-06-22 00:00:00+00:00,usdt,1.00008731209819
2023-06-23 00:00:00+00:00,usdt,1.00056012624196
2023-06-24 00:00:00+00:00,usdt,1.00051787784921
2023-06-25 00:00:00+00:00,usdt,1.00032420981882
2023-06-26 00:00:00+00:00,usdt,1.00007508854471
2023-06-27 00:00:00+00:00,usdt,1.00013706195207
2023-06-28 00:00:00+00:00,usdt,0.99994093308007
2023-06-29 00:00:00+00:00,usdt,0.999879753360608
2023-06-30 00:00:00+00:00,usdt,0.999807894798364
2023-07-01 00:00:00+00:00,usdt,0.999977921975453
2023-07-02 00:00:00+00:00,usdt,0.999947946228839
2023-07-03 00:00:00+00:00,usdt,1.00002113150205
2023-07-04 00:00:00+00:00,usdt,1.0000807226768
2023-07-05 00:00:00+00:00,usdt,0.999993314436002
2023-07-06 00:00:00+00:00,usdt,0.99997030654588
2023-07-07 00:00:00+00:00,usdt,1.00011382057276
2023-07-08 00:00:00+00:00,usdt,1.00014950672122
2023-07-09 00:00:00+00:00,usdt,1.00017004617183
2023-07-10 00:00:00+00:00,usdt,1.00013171098773
2023-07-11 00:00:00+00:00,usdt,1.00004516627703
2023-07-12 00:00:00+00:00,usdt,0.999950958796026
2023-07-13 00:00:00+00:00,usdt,1.00031153156049
2023-07-14 00:00:00+00:00,usdt,1.00050584921099
2023-07-15 00:00:00+00:00,usdt,1.0002855654588
2023-07-16 00:00:00+00:00,usdt,1.00038786411455
2023-07-17 00:00:00+00:00,usdt,1.0001484126242
2023-07-18 00:00:00+00:00,usdt,1.00015306838106
2023-07-19 00:00:00+00:00,usdt,1.00007341496201
2023-07-20 00:00:00+00:00,usdt,0.99992765371128
2023-07-21 00:00:00+00:00,usdt,1.0000638188194
2023-07-22 00:00:00+00:00,usdt,1.00015104997078
2023-07-23 00:00:00+00:00,usdt,0.999925945353594
2023-07-24 00:00:00+00:00,usdt,0.99992051899474
2023-07-25 00:00:00+00:00,usdt,0.99987130829924
2023-07-26 00:00:00+00:00,usdt,0.999991739041496
2023-07-27 00:00:00+00:00,usdt,0.999764940093512
2023-07-28 00:00:00+00:00,usdt,0.999970978375219
2023-07-29 00:00:00+00:00,usdt,0.999995196960841
2023-07-30 00:00:00+00:00,usdt,0.99991664377557
2023-07-31 00:00:00+00:00,usdt,0.999891289596727
2023-08-01 00:00:00+00:00,usdt,0.999484855639976
2023-08-02 00:00:00+00:00,usdt,0.999415050555231
2023-08-03 00:00:00+00:00,usdt,0.999200921390999
2023-08-04 00:00:00+00:00,usdt,0.99858968264173
2023-08-05 00:00:00+00:00,usdt,0.999054000584453
2023-08-06 00:00:00+00:00,usdt,0.998391477498538
2023-08-07 00:00:00+00:00,usdt,0.998839379602572
2023-08-08 00:00:00+00:00,usdt,0.999638090005845
2023-08-09 00:00:00+00:00,usdt,0.999338050263004
2023-08-10 00:00:00+00:00,usdt,0.998946948568089
2023-08-11 00:00:00+00:00,usdt,0.999049368971057
2023-08-12 00:00:00+00:00,usdt,0.999467552012016
2023-08-13 00:00:00+00:00,usdt,0.999124904729954
2023-08-14 00:00:00+00:00,usdt,0.999205314004976
2023-08-15 00:00:00+00:00,usdt,0.998929607959405
2023-08-16 00:00:00+00:00,usdt,0.998810512778002
2023-08-17 00:00:00+00:00,usdt,1.00003915163336
2023-08-18 00:00:00+00:00,usdt,0.999775399224845
2023-08-19 00:00:00+00:00,usdt,0.999858871345826
2023-08-20 00:00:00+00:00,usdt,0.999997148881284
2023-08-21 00:00:00+00:00,usdt,0.999882493396926
2023-08-22 00:00:00+00:00,usdt,0.999368540134856
2023-08-23 00:00:00+00:00,usdt,0.999865803889155
2023-08-24 00:00:00+00:00,usdt,0.999715174730562
2023-08-25 00:00:00+00:00,usdt,0.999641908583857
2023-08-26 00:00:00+00:00,usdt,0.999632137386204
2023-08-27 00:00:00+00:00,usdt,0.999587930397483
2023-08-28 00:00:00+00:00,usdt,0.999356993809762
2023-08-29 00:00:00+00:00,usdt,1.00012495717819
2023-08-30 00:00:00+00:00,usdt,1.00003409172653
2023-08-31 00:00:00+00:00,usdt,0.999719571307773
2023-09-01 00:00:00+00:00,usdt,0.99957938270854
2023-09-02 00:00:00+00:00,usdt,0.999943555578312
2023-09-03 00:00:00+00:00,usdt,0.999869553768326
2023-09-04 00:00:00+00:00,usdt,0.999460567859886
2023-09-05 00:00:00+00:00,usdt,0.999599113234877
2023-09-06 00:00:00+00:00,usdt,0.99949043193861
2023-09-07 00:00:00+00:00,usdt,0.999969812201558
2023-09-08 00:00:00+00:00,usdt,0.999753117346373
2023-09-09 00:00:00+00:00,usdt,0.999801532853417
2023-09-10 00:00:00+00:00,usdt,0.999633267334037
2023-09-11 00:00:00+00:00,usdt,0.999592691875488
2023-09-12 00:00:00+00:00,usdt,0.999992756884856
2023-09-13 00:00:00+00:00,usdt,1.00024672462738
2023-09-14 00:00:00+00:00,usdt,1.0004419284281
2023-09-15 00:00:00+00:00,usdt,1.00014057389981
2023-09-16 00:00:00+00:00,usdt,1.00030502285906
2023-09-17 00:00:00+00:00,usdt,1.00009442794453
2023-09-18 00:00:00+00:00,usdt,1.00023642632659
2023-09-19 00:00:00+00:00,usdt,1.00013465680332
2023-09-20 00:00:00+00:00,usdt,1.00005237933594
2023-09-21 00:00:00+00:00,usdt,0.999951549252144
2023-09-22 00:00:00+00:00,usdt,0.999981365657567
2023-09-23 00:00:00+00:00,usdt,1.00018257536137
2023-09-24 00:00:00+00:00,usdt,1.00018120755967
2023-09-25 00:00:00+00:00,usdt,0.999712013808971
2023-09-26 00:00:00+00:00,usdt,0.999434759788401
2023-09-27 00:00:00+00:00,usdt,0.999387588758716
2023-09-28 00:00:00+00:00,usdt,1.00006720436008
2023-09-29 00:00:00+00:00,usdt,0.999969074266962
2023-09-30 00:00:00+00:00,usdt,1.00008297951477
2023-10-01 00:00:00+00:00,usdt,0.99985321213762
2023-10-02 00:00:00+00:00,usdt,1.00029835919793
2023-10-03 00:00:00+00:00,usdt,1.00007813822579
2023-10-04 00:00:00+00:00,usdt,1.00017882143572
2023-10-05 00:00:00+00:00,usdt,1.000038493436
2023-10-06 00:00:00+00:00,usdt,1.00053986376221
2023-10-07 00:00:00+00:00,usdt,1.00065448505415
2023-10-08 00:00:00+00:00,usdt,1.0005408105333
2023-10-09 00:00:00+00:00,usdt,1.00013300044762
2023-10-10 00:00:00+00:00,usdt,1.0000268862977
2023-10-11 00:00:00+00:00,usdt,0.99974173290376
2023-10-12 00:00:00+00:00,usdt,0.999754811326154
2023-10-13 00:00:00+00:00,usdt,1.00005043789741
2023-10-14 00:00:00+00:00,usdt,1.00007754804086
2023-10-15 00:00:00+00:00,usdt,1.00080967136516
2023-10-16 00:00:00+00:00,usdt,1.00049296683509
2023-10-17 00:00:00+00:00,usdt,1.00041296375283
2023-10-18 00:00:00+00:00,usdt,1.00024135353056
2023-10-19 00:00:00+00:00,usdt,1.00055458572719
2023-10-20 00:00:00+00:00,usdt,1.00054675959747
2023-10-21 00:00:00+00:00,usdt,1.00049636647819
2023-10-22 00:00:00+00:00,usdt,1.0003159813785
2023-10-23 00:00:00+00:00,usdt,1.00054870632218
2023-10-24 00:00:00+00:00,usdt,1.00005982459736
2023-10-25 00:00:00+00:00,usdt,1.00034953414626
2023-10-26 00:00:00+00:00,usdt,1.00019642524402
2023-10-27 00:00:00+00:00,usdt,1.00031368792638
2023-10-28 00:00:00+00:00,usdt,1.00017969245528
2023-10-29 00:00:00+00:00,usdt,1.00036849852873
2023-10-30 00:00:00+00:00,usdt,1.00049096899405
2023-10-31 00:00:00+00:00,usdt,1.00048417024803
2023-11-01 00:00:00+00:00,usdt,1.00039954712691
2023-11-02 00:00:00+00:00,usdt,1.0002650623484
2023-11-03 00:00:00+00:00,usdt,1.00054948316597
2023-11-04 00:00:00+00:00,usdt,1.00076084019732
2023-11-05 00:00:00+00:00,usdt,1.00070592389822
2023-11-06 00:00:00+00:00,usdt,1.00042349389445
2023-11-07 00:00:00+00:00,usdt,1.00054253239403
2023-11-08 00:00:00+00:00,usdt,1.00053852581305
2023-11-09 00:00:00+00:00,usdt,1.00008243817605
2023-11-10 00:00:00+00:00,usdt,1.00062553907224
2023-11-11 00:00:00+00:00,usdt,1.00078244881936
2023-11-12 00:00:00+00:00,usdt,1.00065916061038
2023-11-13 00:00:00+00:00,usdt,1.00027286545745
2023-11-14 00:00:00+00:00,usdt,1.00025633164557
2023-11-15 00:00:00+00:00,usdt,1.00059499446779
2023-11-16 00:00:00+00:00,usdt,0.999940267325234
2023-11-17 00:00:00+00:00,usdt,1.00035010768321
2023-11-18 00:00:00+00:00,usdt,1.00060674655323
2023-11-19 00:00:00+00:00,usdt,1.00056588838284
2023-11-20 00:00:00+00:00,usdt,1.00066789140417
2023-11-21 00:00:00+00:00,usdt,1.00016724162698
2023-11-22 00:00:00+00:00,usdt,1.00040612262508
2023-11-23 00:00:00+00:00,usdt,1.00026498353217
2023-11-24 00:00:00+00:00,usdt,1.00081037015911
2023-11-25 00:00:00+00:00,usdt,1.00062091072543
2023-11-26 00:00:00+00:00,usdt,1.00038426285115
2023-11-27 00:00:00+00:00,usdt,0.999957330627812
2023-11-28 00:00:00+00:00,usdt,1.00052269503504
2023-11-29 00:00:00+00:00,usdt,1.00028660219076
2023-11-30 00:00:00+00:00,usdt,1.00022709656566
2023-12-01 00:00:00+00:00,usdt,1.0004801357965
2023-12-02 00:00:00+00:00,usdt,1.00047335312568
2023-12-03 00:00:00+00:00,usdt,1.00044001330493
2023-12-04 00:00:00+00:00,usdt,0.999738297285476
2023-12-05 00:00:00+00:00,usdt,1.00010741942149
2023-12-06 00:00:00+00:00,usdt,1.00003856377569
2023-12-07 00:00:00+00:00,usdt,1.00036825820689
2023-12-08 00:00:00+00:00,usdt,1.00038669881442
2023-12-09 00:00:00+00:00,usdt,1.00032863187515
2023-12-10 00:00:00+00:00,usdt,1.00013491988452
2023-12-11 00:00:00+00:00,usdt,0.999415063565016
2023-12-12 00:00:00+00:00,usdt,0.999567281879209
2023-12-13 00:00:00+00:00,usdt,1.00036410053415
2023-12-14 00:00:00+00:00,usdt,1.00022203630557
2023-12-15 00:00:00+00:00,usdt,1.00007847281036
2023-12-16 00:00:00+00:00,usdt,0.999169315052683
2023-12-17 00:00:00+00:00,usdt,0.999241913207436
2023-12-18 00:00:00+00:00,usdt,0.99985159821545
2023-12-19 00:00:00+00:00,usdt,0.999630898514201
2023-12-20 00:00:00+00:00,usdt,0.999890451697758
2023-12-21 00:00:00+00:00,usdt,1.0002046846012
2023-12-22 00:00:00+00:00,usdt,1.00090913283398
2023-12-23 00:00:00+00:00,usdt,1.00057269465711
2023-12-24 00:00:00+00:00,usdt,1.00073928773804
2023-12-25 00:00:00+00:00,usdt,1.00029876655969
2023-12-26 00:00:00+00:00,usdt,1.00007104696969
2023-12-27 00:00:00+00:00,usdt,1.00057935226643
2023-12-28 00:00:00+00:00,usdt,1.00050699962923
2023-12-29 00:00:00+00:00,usdt,1.00003572528291
2023-12-30 00:00:00+00:00,usdt,0.999945096635341
2023-12-31 00:00:00+00:00,usdt,0.999766321531861
2024-01-01 00:00:00+00:00,usdt,1.00058857478638
2024-01-02 00:00:00+00:00,usdt,1.00040943542186
2024-01-03 00:00:00+00:00,usdt,1.00052848922915
2024-01-04 00:00:00+00:00,usdt,1.00107643603298
2024-01-05 00:00:00+00:00,usdt,1.00087060138859
2024-01-06 00:00:00+00:00,usdt,1.00039047103225
2024-01-07 00:00:00+00:00,usdt,1.00073148576555
2024-01-08 00:00:00+00:00,usdt,1.00085271159797
2024-01-09 00:00:00+00:00,usdt,1.00032430222206
2024-01-10 00:00:00+00:00,usdt,1.00057007203135
2024-01-11 00:00:00+00:00,usdt,1.00016300101465
2024-01-12 00:00:00+00:00,usdt,0.999641497104304
2024-01-13 00:00:00+00:00,usdt,0.999962807262064
2024-01-14 00:00:00+00:00,usdt,0.999394355231875
2024-01-15 00:00:00+00:00,usdt,0.999290651791273
2024-01-16 00:00:00+00:00,usdt,0.999947987901929
2024-01-17 00:00:00+00:00,usdt,0.99904827102371
2024-01-18 00:00:00+00:00,usdt,0.999050568476813
2024-01-19 00:00:00+00:00,usdt,0.999072789231935
2024-01-20 00:00:00+00:00,usdt,0.99916986522478
2024-01-21 00:00:00+00:00,usdt,0.999325035512369
2024-01-22 00:00:00+00:00,usdt,0.998892023814026
2024-01-23 00:00:00+00:00,usdt,0.999302276978983
2024-01-24 00:00:00+00:00,usdt,0.999640574715687
2024-01-25 00:00:00+00:00,usdt,0.999501694204383
2024-01-26 00:00:00+00:00,usdt,0.999906218721294
2024-01-27 00:00:00+00:00,usdt,1.00004136023847
2024-01-28 00:00:00+00:00,usdt,0.9998673627084
2024-01-29 00:00:00+00:00,usdt,1.00001984263283
2024-01-30 00:00:00+00:00,usdt,0.999966042489292
2024-01-31 00:00:00+00:00,usdt,0.999313122281047
2024-02-01 00:00:00+00:00,usdt,0.999750659745267
2024-02-02 00:00:00+00:00,usdt,0.999545836976325
2024-02-03 00:00:00+00:00,usdt,0.999822997067225
2024-02-04 00:00:00+00:00,usdt,0.999583144365408
2024-02-05 00:00:00+00:00,usdt,0.99874673400842
2024-02-06 00:00:00+00:00,usdt,0.99981502684736
2024-02-07 00:00:00+00:00,usdt,0.999876768992766
2024-02-08 00:00:00+00:00,usdt,1.00027278893534
2024-02-09 00:00:00+00:00,usdt,1.00054531258423
2024-02-10 00:00:00+00:00,usdt,1.00042237702381
2024-02-11 00:00:00+00:00,usdt,1.00034507063926
2024-02-12 00:00:00+00:00,usdt,1.00028460681219
2024-02-13 00:00:00+00:00,usdt,1.00050529280682
2024-02-14 00:00:00+00:00,usdt,1.00101204643036
2024-02-15 00:00:00+00:00,usdt,1.00119430167072
2024-02-16 00:00:00+00:00,usdt,1.00066800832541
2024-02-17 00:00:00+00:00,usdt,1.00026255235286
2024-02-18 00:00:00+00:00,usdt,1.00016198888262
2024-02-19 00:00:00+00:00,usdt,1.00022520757085
2024-02-20 00:00:00+00:00,usdt,1.00019884927286
2024-02-21 00:00:00+00:00,usdt,0.999929572525579
2024-02-22 00:00:00+00:00,usdt,0.99936742210025
2024-02-23 00:00:00+00:00,usdt,0.999845354180545
2024-02-24 00:00:00+00:00,usdt,0.999952570010009
2024-02-25 00:00:00+00:00,usdt,1.00003956107994
2024-02-26 00:00:00+00:00,usdt,1.00089473906106
2024-02-27 00:00:00+00:00,usdt,1.00060120787631
2024-02-28 00:00:00+00:00,usdt,1.00135537544403
2024-02-29 00:00:00+00:00,usdt,1.00064845551473
2024-03-01 00:00:00+00:00,usdt,1.00084563723453
2024-03-02 00:00:00+00:00,usdt,1.00077489352687
2024-03-03 00:00:00+00:00,usdt,1.00051060740495
2024-03-04 00:00:00+00:00,usdt,1.00145049611635
2024-03-05 00:00:00+00:00,usdt,1.00114269269874
2024-03-06 00:00:00+00:00,usdt,1.00069975470827
2024-03-07 00:00:00+00:00,usdt,1.00173645497102
2024-03-08 00:00:00+00:00,usdt,1.00232602089255
2024-03-09 00:00:00+00:00,usdt,1.00218952992054
2024-03-10 00:00:00+00:00,usdt,1.00101370795159
2024-03-11 00:00:00+00:00,usdt,1.00030545382313
2024-03-12 00:00:00+00:00,usdt,1.00022593918922
2024-03-13 00:00:00+00:00,usdt,1.00065802544158
2024-03-14 00:00:00+00:00,usdt,0.999709191341082
2024-03-15 00:00:00+00:00,usdt,1.00011368774036
2024-03-16 00:00:00+00:00,usdt,0.999435818437094
2024-03-17 00:00:00+00:00,usdt,0.999330536849506
2024-03-18 00:00:00+00:00,usdt,0.999920420119072
2024-03-19 00:00:00+00:00,usdt,0.999449292516663
2024-03-20 00:00:00+00:00,usdt,1.00025915893836
2024-03-21 00:00:00+00:00,usdt,0.999757063108138
2024-03-22 00:00:00+00:00,usdt,1.00017965659345
2024-03-23 00:00:00+00:00,usdt,1.00012414868938
2024-03-24 00:00:00+00:00,usdt,1.0000079066887
2024-03-25 00:00:00+00:00,usdt,1.00036077479731
2024-03-26 00:00:00+00:00,usdt,1.00008889624613
2024-03-27 00:00:00+00:00,usdt,0.999580040601198
2024-03-28 00:00:00+00:00,usdt,1.00014215144091
2024-03-29 00:00:00+00:00,usdt,1.00071895085097
2024-03-30 00:00:00+00:00,usdt,1.00043168067653
2024-03-31 00:00:00+00:00,usdt,1.00007469001675
2024-04-01 00:00:00+00:00,usdt,1.00041011479939
2024-04-02 00:00:00+00:00,usdt,1.00027489082948
2024-04-03 00:00:00+00:00,usdt,1.00037800059784
2024-04-04 00:00:00+00:00,usdt,1.00050650229991
2024-04-05 00:00:00+00:00,usdt,1.00036550506255
2024-04-06 00:00:00+00:00,usdt,1.00023285238505
2024-04-07 00:00:00+00:00,usdt,0.999775026829997
2024-04-08 00:00:00+00:00,usdt,0.999798532269049
2024-04-09 00:00:00+00:00,usdt,0.999621152087896
2024-04-10 00:00:00+00:00,usdt,0.999958497164052
2024-04-11 00:00:00+00:00,usdt,1.00014596059557
2024-04-12 00:00:00+00:00,usdt,1.00045170128162
2024-04-13 00:00:00+00:00,usdt,1.00152447576184
2024-04-14 00:00:00+00:00,usdt,1.00113899751522
2024-04-15 00:00:00+00:00,usdt,1.00042021595199
2024-04-16 00:00:00+00:00,usdt,1.00034624189449
2024-04-17 00:00:00+00:00,usdt,0.9998661062082
2024-04-18 00:00:00+00:00,usdt,1.00056192160766
2024-04-19 00:00:00+00:00,usdt,1.00047537992949
2024-04-20 00:00:00+00:00,usdt,1.00042090512433
2024-04-21 00:00:00+00:00,usdt,1.00019523625736
2024-04-22 00:00:00+00:00,usdt,1.00052574920549
2024-04-23 00:00:00+00:00,usdt,1.00005252488732
2024-04-24 00:00:00+00:00,usdt,0.999491074384043
2024-04-25 00:00:00+00:00,usdt,0.999851906194263
2024-04-26 00:00:00+00:00,usdt,0.999581333609795
2024-04-27 00:00:00+00:00,usdt,0.999265839049149
2024-04-28 00:00:00+00:00,usdt,0.999744295575168
2024-04-29 00:00:00+00:00,usdt,0.999713519182908
2024-04-30 00:00:00+00:00,usdt,0.999047328192167
2024-05-01 00:00:00+00:00,usdt,0.998333666972175
2024-05-02 00:00:00+00:00,usdt,1.00007244703061
2024-05-03 00:00:00+00:00,usdt,1.00053766029107
2024-05-04 00:00:00+00:00,usdt,1.0001427936318
2024-05-05 00:00:00+00:00,usdt,1.00011502481079
2024-05-06 00:00:00+00:00,usdt,0.999918907905391
2024-05-07 00:00:00+00:00,usdt,1.00009097757235
2024-05-08 00:00:00+00:00,usdt,0.999566666300239
2024-05-09 00:00:00+00:00,usdt,0.99993724356495
2024-05-10 00:00:00+00:00,usdt,0.99984573164259
2024-05-11 00:00:00+00:00,usdt,0.999773103174594
2024-05-12 00:00:00+00:00,usdt,0.999422610554622
2024-05-13 00:00:00+00:00,usdt,0.999860253910633
2024-05-14 00:00:00+00:00,usdt,0.999482533926223
2024-05-15 00:00:00+00:00,usdt,0.999983782038167
2024-05-16 00:00:00+00:00,usdt,1.00005271862803
2024-05-17 00:00:00+00:00,usdt,1.00028206252909
2024-05-18 00:00:00+00:00,usdt,1.000250064817
2024-05-19 00:00:00+00:00,usdt,0.999846975209237
2024-05-20 00:00:00+00:00,usdt,0.999949658392867
2024-05-21 00:00:00+00:00,usdt,0.999777073636709
2024-05-22 00:00:00+00:00,usdt,0.999132152717123
2024-05-23 00:00:00+00:00,usdt,0.999143579214465
2024-05-24 00:00:00+00:00,usdt,0.99985560262855
2024-05-25 00:00:00+00:00,usdt,0.99988143497937
2024-05-26 00:00:00+00:00,usdt,0.999663159761324
2024-05-27 00:00:00+00:00,usdt,0.999042880807998
2024-05-28 00:00:00+00:00,usdt,0.998848839349561
2024-05-29 00:00:00+00:00,usdt,0.998908033129098
2024-05-30 00:00:00+00:00,usdt,0.999725250153538
2024-05-31 00:00:00+00:00,usdt,0.999021792385452
2024-06-01 00:00:00+00:00,usdt,0.999313894471234
2024-06-02 00:00:00+00:00,usdt,0.999467163259252
2024-06-03 00:00:00+00:00,usdt,0.999797864714846
2024-06-04 00:00:00+00:00,usdt,1.00010036252281
2024-06-05 00:00:00+00:00,usdt,1.00013457450505
2024-06-06 00:00:00+00:00,usdt,0.99965868096566
2024-06-07 00:00:00+00:00,usdt,0.999571476541687
2024-06-08 00:00:00+00:00,usdt,0.999939591322307
2024-06-09 00:00:00+00:00,usdt,0.999937491561935
2024-06-10 00:00:00+00:00,usdt,0.999562645630897
2024-06-11 00:00:00+00:00,usdt,1.00002492373462
2024-06-12 00:00:00+00:00,usdt,0.999708168530256
2024-06-13 00:00:00+00:00,usdt,0.999544636940289
2024-06-14 00:00:00+00:00,usdt,0.999385495019647
2024-06-15 00:00:00+00:00,usdt,0.999440385914018
2024-06-16 00:00:00+00:00,usdt,0.999394217483106
2024-06-17 00:00:00+00:00,usdt,0.999623676339469
2024-06-18 00:00:00+00:00,usdt,0.999502643692748
2024-06-19 00:00:00+00:00,usdt,0.999601739051642
2024-06-20 00:00:00+00:00,usdt,0.999437375678525
2024-06-21 00:00:00+00:00,usdt,0.999539758439391
2024-06-22 00:00:00+00:00,usdt,0.999529073271199
2024-06-23 00:00:00+00:00,usdt,0.999478404467068
2024-06-24 00:00:00+00:00,usdt,0.999158961059964
2024-06-25 00:00:00+00:00,usdt,0.999756540766126
2024-06-26 00:00:00+00:00,usdt,0.999343169224062
2024-06-27 00:00:00+00:00,usdt,0.998531586850949
2024-06-28 00:00:00+00:00,usdt,0.998126312477029
2024-06-29 00:00:00+00:00,usdt,0.998387953376648
2024-06-30 00:00:00+00:00,usdt,0.998353566540983
2024-07-01 00:00:00+00:00,usdt,0.998912840019944
2024-07-02 00:00:00+00:00,usdt,0.998401330066872
2024-07-03 00:00:00+00:00,usdt,0.998868205784377
2024-07-04 00:00:00+00:00,usdt,0.999714589110364
2024-07-05 00:00:00+00:00,usdt,1.00004784701861
2024-07-06 00:00:00+00:00,usdt,1.0000759156375
2024-07-07 00:00:00+00:00,usdt,1.00008953715499
2024-07-08 00:00:00+00:00,usdt,0.999801253286157
2024-07-09 00:00:00+00:00,usdt,0.999915091541321
2024-07-10 00:00:00+00:00,usdt,0.999778745950457
2024-07-11 00:00:00+00:00,usdt,1.00001191354364
2024-07-12 00:00:00+00:00,usdt,1.00023376638439
2024-07-13 00:00:00+00:00,usdt,1.00033761538398
2024-07-14 00:00:00+00:00,usdt,1.0002866409969
2024-07-15 00:00:00+00:00,usdt,1.00059930731628
2024-07-16 00:00:00+00:00,usdt,1.00067743135086
2024-07-17 00:00:00+00:00,usdt,1.0000476492165
2024-07-18 00:00:00+00:00,usdt,0.999818636052083
2024-07-19 00:00:00+00:00,usdt,1.00061025769122
2024-07-20 00:00:00+00:00,usdt,1.00037677418625
2024-07-21 00:00:00+00:00,usdt,1.00007478694034
2024-07-22 00:00:00+00:00,usdt,1.00052028440951
2024-07-23 00:00:00+00:00,usdt,1.00002554980897
2024-07-24 00:00:00+00:00,usdt,0.999777961201956
2024-07-25 00:00:00+00:00,usdt,0.999639269866037
2024-07-26 00:00:00+00:00,usdt,1.00006361308645
2024-07-27 00:00:00+00:00,usdt,1.00003147712446
2024-07-28 00:00:00+00:00,usdt,0.999931885335752
2024-07-29 00:00:00+00:00,usdt,0.999893109699738
2024-07-30 00:00:00+00:00,usdt,0.999707315014412
2024-07-31 00:00:00+00:00,usdt,0.999777691799826
2024-08-01 00:00:00+00:00,usdt,0.998915776220007
2024-08-02 00:00:00+00:00,usdt,0.998807233451442
2024-08-03 00:00:00+00:00,usdt,0.999461957430363
2024-08-04 00:00:00+00:00,usdt,0.999560137369799
2024-08-05 00:00:00+00:00,usdt,1.00048723462039
2024-08-06 00:00:00+00:00,usdt,1.00041779184119
2024-08-07 00:00:00+00:00,usdt,1.00010103669652
2024-08-08 00:00:00+00:00,usdt,1.00012660913962
2024-08-09 00:00:00+00:00,usdt,1.00040065215767
2024-08-10 00:00:00+00:00,usdt,1.000183723206
2024-08-11 00:00:00+00:00,usdt,1.00004517364801
2024-08-12 00:00:00+00:00,usdt,1.00017816394235
2024-08-13 00:00:00+00:00,usdt,1.00040750483995
2024-08-14 00:00:00+00:00,usdt,1.00020398683796
2024-08-15 00:00:00+00:00,usdt,1.00019968341329
2024-08-16 00:00:00+00:00,usdt,1.00022212857183
2024-08-17 00:00:00+00:00,usdt,1.00009121393797
2024-08-18 00:00:00+00:00,usdt,1.00016003185018
2024-08-19 00:00:00+00:00,usdt,1.00039983668519
2024-08-20 00:00:00+00:00,usdt,1.00013752399195
2024-08-21 00:00:00+00:00,usdt,1.00017333967307
2024-08-22 00:00:00+00:00,usdt,1.00004022662362
2024-08-23 00:00:00+00:00,usdt,1.00083200309032
2024-08-24 00:00:00+00:00,usdt,1.00039004022435
2024-08-25 00:00:00+00:00,usdt,1.00054296302087
2024-08-26 00:00:00+00:00,usdt,1.00018654196417
2024-08-27 00:00:00+00:00,usdt,1.00032468451841
2024-08-28 00:00:00+00:00,usdt,1.00012417654055
2024-08-29 00:00:00+00:00,usdt,1.00006277518386
2024-08-30 00:00:00+00:00,usdt,0.999828517654451
2024-08-31 00:00:00+00:00,usdt,0.999955137828891
2024-09-01 00:00:00+00:00,usdt,0.999942421678296
2024-09-02 00:00:00+00:00,usdt,0.999984441970967
2024-09-03 00:00:00+00:00,usdt,0.999716441475486
2024-09-04 00:00:00+00:00,usdt,1.00006305521991
2024-09-05 00:00:00+00:00,usdt,0.999654621751337
2024-09-06 00:00:00+00:00,usdt,0.999763260796129
2024-09-07 00:00:00+00:00,usdt,0.999938419176496
2024-09-08 00:00:00+00:00,usdt,1.00009068558807
2024-09-09 00:00:00+00:00,usdt,1.0001237705174
2024-09-10 00:00:00+00:00,usdt,1.00004191528745
2024-09-11 00:00:00+00:00,usdt,1.00017452027776
2024-09-12 00:00:00+00:00,usdt,1.00001803762105
2024-09-13 00:00:00+00:00,usdt,1.00074136177942
2024-09-14 00:00:00+00:00,usdt,1.00028248883782
2024-09-15 00:00:00+00:00,usdt,1.00004714396117
2024-09-16 00:00:00+00:00,usdt,0.999820687113626
2024-09-17 00:00:00+00:00,usdt,1.00005876861531
2024-09-18 00:00:00+00:00,usdt,1.00016332715829
2024-09-19 00:00:00+00:00,usdt,1.00026448596614
2024-09-20 00:00:00+00:00,usdt,0.999833498605836
2024-09-21 00:00:00+00:00,usdt,1.00077427832793
2024-09-22 00:00:00+00:00,usdt,1.00004800014413
2024-09-23 00:00:00+00:00,usdt,0.999933275423981
2024-09-24 00:00:00+00:00,usdt,1.00005777347589
2024-09-25 00:00:00+00:00,usdt,0.999746774241728
2024-09-26 00:00:00+00:00,usdt,1.00019151343649
2024-09-27 00:00:00+00:00,usdt,1.00010430624162
2024-09-28 00:00:00+00:00,usdt,1.00003400250957
2024-09-29 00:00:00+00:00,usdt,1.00013821942225
2024-09-30 00:00:00+00:00,usdt,0.999567594722515
2024-10-01 00:00:00+00:00,usdt,0.999882251487613
2024-10-02 00:00:00+00:00,usdt,0.999853676223599
2024-10-03 00:00:00+00:00,usdt,0.999865849755172
2024-10-04 00:00:00+00:00,usdt,0.999937971447638
2024-10-05 00:00:00+00:00,usdt,0.999920293695458
2024-10-06 00:00:00+00:00,usdt,0.999795474360015
2024-10-07 00:00:00+00:00,usdt,0.999699099598067
2024-10-08 00:00:00+00:00,usdt,0.999377475313331
2024-10-09 00:00:00+00:00,usdt,0.999004579552582
2024-10-10 00:00:00+00:00,usdt,0.999153125469887
2024-10-11 00:00:00+00:00,usdt,0.999692735078941
2024-10-12 00:00:00+00:00,usdt,0.999812634471739
2024-10-13 00:00:00+00:00,usdt,0.999540971401184
2024-10-14 00:00:00+00:00,usdt,0.999645417403801
2024-10-15 00:00:00+00:00,usdt,0.999799534929806
2024-10-16 00:00:00+00:00,usdt,0.999823988274717
2024-10-17 00:00:00+00:00,usdt,0.999666217025023
2024-10-18 00:00:00+00:00,usdt,0.999888841094442
2024-10-19 00:00:00+00:00,usdt,0.999772373038682
2024-10-20 00:00:00+00:00,usdt,0.999639928187382
2024-10-21 00:00:00+00:00,usdt,0.999513803214552
2024-10-22 00:00:00+00:00,usdt,0.999331976298353
2024-10-23 00:00:00+00:00,usdt,0.99892765181573
2024-10-24 00:00:00+00:00,usdt,0.999333639837601
2024-10-25 00:00:00+00:00,usdt,0.998220445844622
2024-10-26 00:00:00+00:00,usdt,0.99868929966093
2024-10-27 00:00:00+00:00,usdt,0.998818536551597
2024-10-28 00:00:00+00:00,usdt,0.999348597140181
2024-10-29 00:00:00+00:00,usdt,0.999728095538994
2024-10-30 00:00:00+00:00,usdt,0.999677352728735
2024-10-31 00:00:00+00:00,usdt,0.998609377613079
2024-11-01 00:00:00+00:00,usdt,0.9995300310066
2024-11-02 00:00:00+00:00,usdt,0.999643855973557
2024-11-03 00:00:00+00:00,usdt,0.99944795499297
2024-11-04 00:00:00+00:00,usdt,0.999335455037494
2024-11-05 00:00:00+00:00,usdt,0.999971699353959
2024-11-06 00:00:00+00:00,usdt,1.00087772813277
2024-11-07 00:00:00+00:00,usdt,1.00071244631894
2024-11-08 00:00:00+00:00,usdt,1.00069879563874
2024-11-09 00:00:00+00:00,usdt,1.00037676895745
2024-11-10 00:00:00+00:00,usdt,1.00078881838026
2024-11-11 00:00:00+00:00,usdt,1.00111039457976
2024-11-12 00:00:00+00:00,usdt,1.00093502168416
2024-11-13 00:00:00+00:00,usdt,1.00126568427681
2024-11-14 00:00:00+00:00,usdt,1.00017416750334
2024-11-15 00:00:00+00:00,usdt,1.00029376806044
2024-11-16 00:00:00+00:00,usdt,1.00048185627203
2024-11-17 00:00:00+00:00,usdt,1.00012406809629
2024-11-18 00:00:00+00:00,usdt,0.997986845250092
2024-11-19 00:00:00+00:00,usdt,1.00138886758375
2024-11-20 00:00:00+00:00,usdt,1.00091081587846
2024-11-21 00:00:00+00:00,usdt,1.00108096102446
2024-11-22 00:00:00+00:00,usdt,1.00114705925768
2024-11-23 00:00:00+00:00,usdt,1.00102610413549
2024-11-24 00:00:00+00:00,usdt,1.00093523993209
2024-11-25 00:00:00+00:00,usdt,0.999989341284796
2024-11-26 00:00:00+00:00,usdt,0.99966725495255
2024-11-27 00:00:00+00:00,usdt,1.00135012382569
2024-11-28 00:00:00+00:00,usdt,1.00014463656201
2024-11-29 00:00:00+00:00,usdt,1.00054821806966
2024-11-30 00:00:00+00:00,usdt,1.00055412574997
2024-12-01 00:00:00+00:00,usdt,1.00069116782784
2024-12-02 00:00:00+00:00,usdt,1.00026183783438
2024-12-03 00:00:00+00:00,usdt,1.00075245458191
2024-12-04 00:00:00+00:00,usdt,1.00177480367054
2024-12-05 00:00:00+00:00,usdt,1.00151272056695
2024-12-06 00:00:00+00:00,usdt,1.00188824924508
2024-12-07 00:00:00+00:00,usdt,1.00089139105894
2024-12-08 00:00:00+00:00,usdt,1.00054183412635
2024-12-09 00:00:00+00:00,usdt,1.00045145614724
2024-12-10 00:00:00+00:00,usdt,1.00065719845599
2024-12-11 00:00:00+00:00,usdt,1.00081391352507
2024-12-12 00:00:00+00:00,usdt,1.00021199755183
2024-12-13 00:00:00+00:00,usdt,1.00010120725854
2024-12-14 00:00:00+00:00,usdt,0.999717662023978
2024-12-15 00:00:00+00:00,usdt,0.999307671606217
2024-12-16 00:00:00+00:00,usdt,1.00025531662341
2024-12-17 00:00:00+00:00,usdt,1.00002490357064
2024-12-18 00:00:00+00:00,usdt,0.999503981940855
2024-12-19 00:00:00+00:00,usdt,0.999084583621837
2024-12-20 00:00:00+00:00,usdt,0.999615316886277
2024-12-21 00:00:00+00:00,usdt,0.999423564431799
2024-12-22 00:00:00+00:00,usdt,0.998955352864724
2024-12-23 00:00:00+00:00,usdt,0.998796489720667
2024-12-24 00:00:00+00:00,usdt,0.999333680729854
2024-12-25 00:00:00+00:00,usdt,0.999133505237943
2024-12-26 00:00:00+00:00,usdt,0.998782684718554
2024-12-27 00:00:00+00:00,usdt,0.99841970549687
2024-12-28 00:00:00+00:00,usdt,0.998115158696785
2024-12-29 00:00:00+00:00,usdt,0.99817843353982
2024-12-30 00:00:00+00:00,usdt,0.998068489116817
2024-12-31 00:00:00+00:00,usdt,0.99796943065747
